-0.02479347868477444,0.9999006276079071,0.00042044307
-0.024231281725894283,0.9993565602959724,0.00042039316
-0.023669084578525124,0.9998626523432641,0.00042035355
-0.023106887431155854,0.9997569027208734,0.00042048562
-0.022544690472275808,1.0000873273574056,0.0004205012
-0.021982493324906538,0.9999774411537216,0.00042052026
-0.021420296366026492,0.9998451973704552,0.00042051403
-0.020858099407146335,1.0001919176717637,0.00042049674
-0.020295902259777177,1.000039592476463,0.00042050748
-0.019733705112407907,1.0001159160994906,0.00042048315
-0.01917150815352786,1.0006362594032965,0.0004204973
-0.018609311194647704,0.9997864314349642,0.00042046478
-0.018047114047278545,0.9998373755253795,0.00042051257
-0.017484916899909275,0.9995293096050129,0.00042048717
-0.01692271994102923,0.99984561535158,0.00042049398
-0.016360522982149073,0.9995241383851164,0.00042036173
-0.015798325834779914,0.9994915201291772,0.0004204351
-0.015236128875899757,0.9999214622859908,0.0004204565
-0.014673931728530598,0.9997048378750254,0.000420399
-0.014111734769650441,1.0000527766441358,0.0004204522
-0.013549537810770396,0.9993876461957933,0.0004204118
-0.012987340663401126,0.9997859180834093,0.00042050125
-0.01242514370452108,1.000317641680164,0.00042050815
-0.011862946745640923,0.9997635879889959,0.0004204272
-0.011300749598271764,0.9999534402484482,0.00042048484
-0.010738552639391608,1.0004250770154237,0.00042052806
-0.01017635568051145,0.9995887717541665,0.00042040483
-0.009614158533142292,0.9991212972062601,0.00042030463
-0.009051961574262135,0.9996144181728095,0.0004204734
-0.008489764426892976,0.9999278187221619,0.0004205362
-0.00792756746801282,0.999365215773456,0.00042031816
-0.007365370509132774,1.0000474096726855,0.00042059907
-0.006803173361763504,0.9995955349537964,0.0004204272
-0.006240976402883458,1.000515939109537,0.0004206473
-0.005678779444003301,1.0000626368224694,0.00042048996
-0.005116582296634142,0.9998467317742492,0.0004204181
-0.004554385337753986,1.0001447111391375,0.0004206271
-0.003992188378873829,1.000263186031792,0.00042052212
-0.00342999123150467,1.0001604959354375,0.0004205332
-0.0028677944611136263,0.9995232411154531,0.00042048993
-0.0023055973137444674,1.000086446637598,0.00042052963
-0.0017434003548643107,0.9989364859864704,0.00042039086
-0.001181203395984154,1.000876444742489,0.00042058053
-0.0006190064371041082,1.0000963535373895,0.0004206175
-5.680928973483823e-05,1.0001673066756687,0.00042058734
0.0005053876691452318,0.9988678809940669,0.0004203356
0.0010675846280253486,0.9996890727008544,0.00042039203
0.0016297815869054655,0.9993999415350565,0.00042036545
0.002191978734274664,0.9994046625898515,0.00042031254
0.0027541756931547807,0.9997985458519977,0.00042049054
0.0033163726520348976,1.0001657396768617,0.000420599
0.0038785696109150144,0.9999513466290392,0.00042049072
0.004440766569795131,1.0000689663170963,0.0004205314
0.005002963528675248,0.9995277198757059,0.00042043458
0.0055651606760444465,1.0004764513551114,0.0004204934
0.006127357634924563,0.999883320223869,0.00042049334
0.00668955459380468,1.0003630868119802,0.0004205556
0.007251751552684797,0.9993100973071496,0.00042041825
0.007813948511564913,1.000518246341952,0.00042058522
0.00837614547044503,0.9999589415297614,0.00042056368
0.008938342429325147,0.9998623128855941,0.0004204084
0.009500539388205264,0.9992725630350855,0.0004205178
0.01006273634708538,1.0000111666451497,0.0004204737
0.01062493349445458,1.0000805327388538,0.00042052212
0.011187130453334696,0.9997500812109734,0.00042045684
0.011749327412214813,0.9995941694760185,0.00042039715
0.01231152437109493,0.9994150392988456,0.00042038845
0.012873721329975047,1.0001020055912777,0.00042054668
0.013435918288855164,0.9998389303918506,0.00042045643
0.01399811524773528,0.9996797983219513,0.00042042488
0.014560312206615397,0.9992710793442791,0.0004203486
0.015122509165495514,1.000072746846077,0.00042049796
0.01568470612437563,0.9996739289036907,0.00042045244
0.01624690308325575,0.999563936880849,0.00042038073
0.016809100042135865,1.0002619368200596,0.00042048193
0.017371297001015983,1.0007154547923105,0.00042057174
0.0179334939598961,1.0001113427367296,0.00042051807
0.018495690918776217,0.999827072608045,0.00042039697
0.019057887877656332,0.9995588814641059,0.00042043498
0.01962008483653645,0.9997383960209425,0.00042048036
0.020182281606927484,0.9999015314278137,0.00042044217
0.020744478565807602,0.9997653530591748,0.00042038216
0.0213066757131768,0.9994639747813948,0.0004203806
0.021868872672056918,1.000510439779698,0.000420564
0.02243106944244795,1.0003712728916785,0.00042058478
0.02299326640132807,0.9998534923555833,0.00042042736
0.023555463360208185,0.9999175939454408,0.00042054622
0.024117660319088303,1.0003407807569642,0.00042055288
0.02467985727796842,0.9994402388878202,0.00042044892
-0.024647065522043987,0.9995206640341703,0.0004204136
-0.024084870825032856,0.9999974374024724,0.00042045015
-0.023522676128021724,1.0001522789381911,0.00042049988
-0.022960481431010593,1.000481167274978,0.00042055306
-0.022398286733999462,0.9997627760237101,0.00042040145
-0.02183609203698833,0.9999092978732099,0.0004204342
-0.0212738973399772,1.0000359244551564,0.00042037983
-0.020711702642966068,0.9996338286574707,0.00042034397
-0.020149507945954936,0.9999657679896019,0.00042036583
-0.019587313248943805,1.0004522510307883,0.00042055198
-0.019025118740421676,0.9996284327836558,0.0004203622
-0.018462924043410545,0.9998200042084823,0.00042035268
-0.017900729346399413,0.999912583668146,0.0004204589
-0.017338534649388282,0.9997055656000906,0.00042031292
-0.016776340140866264,0.9999844661983173,0.0004204321
-0.016214145443855132,0.9999109386379534,0.0004204436
-0.015651950746844,0.9991252731187753,0.00042027916
-0.01508975604983287,1.0002732889819124,0.00042046796
-0.014527561352821627,0.9997299992330752,0.00042036103
-0.01396536684429961,1.0004962198319243,0.00042044386
-0.013403172147288478,0.9993748259872753,0.00042037398
-0.012840977450277347,1.0002932596056648,0.00042038463
-0.012278782941755328,0.9994779140528717,0.00042029688
-0.011716588244744197,1.0001994207662883,0.00042037386
-0.011154393547732955,0.9997406470060518,0.0004203987
-0.010592198850721823,0.9995258743875228,0.00042037736
-0.010030004153710692,0.999365195793819,0.00042024022
-0.009467809645188674,1.0000210653830945,0.00042045268
-0.008905614948177543,0.9999189888828949,0.0004205573
-0.008343420251166411,0.9997163496535157,0.00042038749
-0.007781225742644282,0.9996236143731756,0.00042045474
-0.007219031045633151,1.0004437766044962,0.0004204511
-0.0066568363486220195,1.0001200356115543,0.0004204885
-0.006094641651610888,0.9997382149075126,0.00042038562
-0.00553244714308887,0.9995898723557269,0.00042030896
-0.004970252446077739,0.9993540894701518,0.0004202844
-0.0044080579375556095,1.0000835782419377,0.00042044392
-0.003845863240544478,0.999296733799826,0.00042028053
-0.003283668543533347,0.9995653704323676,0.00042030626
-0.0027214740350113287,0.9989841059270308,0.0004202495
-0.0021592793380001973,0.9992268417823288,0.00042035643
-0.001597084640989066,0.9993102454740548,0.00042026292
-0.0010348901324669368,0.99983533045778,0.0004204196
-0.0004726954354558055,0.9999033148319307,0.00042038353
8.949926155521482e-05,0.9998965689015293,0.0004203353
0.000651693770077344,0.9999298053519401,0.00042048396
0.0012138884670884753,0.9996419535791412,0.00042036644
0.0017760829756106045,1.0002296803575201,0.0004204073
0.002338277672621736,0.9995803109644247,0.0004203915
0.002900472181143643,0.9990472931588211,0.00042022945
0.0034626668781547743,0.9996499935094052,0.00042041898
0.004024861386676903,1.0002890324444809,0.0004205826
0.004587056083688035,0.9989303968277823,0.00042010387
0.005149250780699166,0.9991829384403614,0.00042027573
0.005711445289221295,1.0002589686932077,0.0004204865
0.006273639986232427,0.99943950371539,0.0004202532
0.006835834494754556,0.9997954345663227,0.00042046196
0.007398029191765687,1.000172219453099,0.0004205243
0.007960223700287594,1.0001268940988595,0.00042047925
0.008522418397298726,0.9994924170911885,0.00042041772
0.009084612905820855,0.9996281917671747,0.0004204373
0.009646807602831986,0.9998100507817911,0.00042038815
0.010209002111354115,0.999915610691194,0.0004203907
0.010771196808365247,0.9998806826701025,0.00042037616
0.011333391316887154,0.9999118424514932,0.00042047034
0.011895586013898285,1.000365592547709,0.00042054034
0.012457780522420414,0.9996561047565867,0.00042036772
0.013019975030942543,0.9998856069387518,0.0004204946
0.013582169727953675,1.000182589280728,0.00042035672
0.014144364424964806,0.9990799253705402,0.00042026956
0.014706558933486935,0.9997462825591887,0.00042044572
0.015268753442008842,1.0002051270523027,0.00042038746
0.015830948139019974,0.9997038283684085,0.00042032287
0.016393142647542103,1.000119739732284,0.00042043172
0.016955337156064232,0.9999415326329608,0.00042046193
0.017517531853075363,0.999466086259671,0.00042031315
0.01807972636159727,1.0001317428317604,0.0004204343
0.0186419210586084,0.9996825306824052,0.00042048589
0.01920411556713053,0.999483228123736,0.00042034345
0.019766310264141662,0.9996391744207028,0.00042030145
0.02032850477266379,0.9999403528824542,0.00042038926
0.0208906992811857,1.0007155342135394,0.0004206068
0.021452893978197052,0.9998459214060642,0.00042039654
0.02201508848671896,0.9990979455445469,0.0004203311
0.022577282995241088,1.0000939962518667,0.00042040434
0.02313947769225222,0.9994796466821448,0.00042040696
0.02370167220077435,0.9990129810828619,0.00042031606
0.024263866709296256,1.0008028954341843,0.00042057168
0.024826061217818385,1.000570811564954,0.00042051074
-0.024504751431368543,1.0006443501517224,0.0004204415
-0.023942558996226326,1.000240815077834,0.00042045634
-0.023380366749573334,0.9999010176876909,0.00042036411
-0.022818174314431117,1.000192430768727,0.00042039578
-0.022255981879289122,0.9997426417134162,0.0004202574
-0.021693789444146905,0.9998695410014977,0.00042034397
-0.021131597009004688,1.0006448182735928,0.00042052698
-0.02056940457386247,1.0004501358083286,0.00042047602
-0.020007212138720476,1.00043357195911,0.00042045992
-0.01944501989206726,1.0005054623616778,0.00042041083
-0.018882827456925044,1.0003179757231753,0.00042045064
-0.01832063502178305,1.000208346758616,0.00042046467
-0.017758442775129835,0.9989832439137796,0.0004202175
-0.01719625033998784,0.9999437442715708,0.00042033673
-0.016634057904845623,0.9991305709258012,0.0004202495
-0.016071865469703406,0.9994643391609158,0.00042029793
-0.015509673223050413,0.9999373809500394,0.00042033836
-0.014947480787908196,0.999878806986244,0.00042035087
-0.01438528835276598,0.9989107943345112,0.00042029127
-0.013823095917623762,0.9999747213590987,0.0004203913
-0.01326090367097077,0.9995160909566395,0.00042034977
-0.012698711235828553,1.000114508501655,0.00042052017
-0.012136518800686558,1.0000850297136792,0.00042043967
-0.011574326554033343,1.0005623258710836,0.00042055597
-0.011012134118891126,0.9994018145071282,0.00042026956
-0.010449941683749131,0.9992154542142097,0.00042028484
-0.009887749437095916,0.9995945112205885,0.0004203904
-0.0093255570019537,0.9997871989788556,0.00042037416
-0.008763364566811704,1.0002050805847449,0.000420394
-0.00820117232015849,1.0002907084763712,0.00042045568
-0.007638979885016495,0.9996881695167058,0.0004204273
-0.00707678763836328,1.0002015495961996,0.0004204665
-0.006514595203221063,0.9998503539825753,0.0004202225
-0.005952402768079068,0.9996239119442372,0.0004203615
-0.005390210521425853,0.9997129020825835,0.000420263
-0.004828018086283858,0.9997945050801522,0.0004203558
-0.0042658256511416415,1.000000988745662,0.00042040244
-0.0037036334044884267,0.9999216002325585,0.00042042005
-0.003141440969346432,0.9993600762528293,0.0004202496
-0.002579248534204215,1.0000022761443292,0.00042034063
-0.002017056287551222,1.0000276582852246,0.00042040425
-0.0014548638524090052,1.0002451974287476,0.00042036053
-0.0008926716057557904,0.9998537242632468,0.00042029182
-0.0003304791706137955,0.9995247068105902,0.00042039805
0.00023171307603941926,0.99998937800763,0.00042034572
0.0007939055111814142,0.9994562112333609,0.00042027465
0.0013560979463238532,1.0000529258661301,0.00042025602
0.0019182901929766238,0.999609597036036,0.0004203457
0.0024804824396298386,0.9997405721842758,0.00042030012
0.0030426748747718335,0.9986683519083298,0.0004200774
0.0036048671214250483,0.9995220018926665,0.00042033597
0.004167059556567043,0.9995989772613526,0.00042038693
0.004729251803220258,1.0001878161249953,0.00042027206
0.005291444238362697,1.0002630758114388,0.00042036807
0.005853636485015468,0.9997252809251338,0.00042039953
0.006415828920157907,0.9997196171100846,0.00042028268
0.006978021166810677,0.9996018422164894,0.00042045015
0.007540213601953116,0.9996468482231281,0.0004202912
0.008102405848605887,0.9999015402945648,0.0004202374
0.008664598283748326,0.9996081172599748,0.00042019197
0.009226790530401097,0.9993613488237393,0.0004203694
0.009788982777054311,0.9995603657497063,0.00042023073
0.01035117521219675,0.9994246621200606,0.00042025963
0.010913367458849521,0.9995869330196542,0.00042031155
0.01147555989399196,1.0003330192989055,0.0004204225
0.01203775214064473,1.0006706185746768,0.00042049243
0.012599944387297946,0.9990616248694594,0.00042030602
0.01316213682243994,0.9998700935968795,0.00042031097
0.013724329069093155,0.9995747831166041,0.00042029488
0.01428652131574637,0.9999829588239136,0.00042030498
0.014848713750888365,0.9999055298886639,0.0004203785
0.01541090599754158,1.0007018425841634,0.00042053298
0.015973098244194794,0.9996507257300747,0.00042035148
0.01653529067933679,0.9999393429618333,0.00042035768
0.017097482925990004,0.9996712535531719,0.000420282
0.017659675172642775,0.9999565977362009,0.00042032293
0.018221867607785214,1.0000508181922618,0.00042037392
0.018784059854437984,0.9996179619991785,0.00042033798
0.019346252289580423,0.9999557099880526,0.00042034558
0.019908444536233194,1.000755263733949,0.00042052605
0.02047063678288641,1.0001679667894288,0.0004204455
0.021032829218028404,1.0005427648457588,0.0004203845
0.02159502146468162,0.9994181635162047,0.00042023187
0.022157213711334833,1.000540372117765,0.000420432
0.022719406146476828,0.9993526572945948,0.00042037654
0.02328159820464082,1.0002017457991286,0.00042037474
0.023843790639783258,0.9999197793029209,0.00042033926
0.02440598288643603,0.9998150906457599,0.0004203418
0.024968175133089243,1.0001942834503863,0.00042032503
-0.024928771446422804,1.000173860579784,0.00042041816
-0.024366581461638503,0.9995632102675907,0.00042030268
-0.023804391665343427,0.9999722193744822,0.00042039016
-0.023242201492070347,1.0005947349881146,0.0004204121
-0.02268001150728649,1.000275797933417,0.00042041668
-0.022117821710991414,0.9996815018707766,0.00042024796
-0.021555631726207114,1.0000042272517888,0.00042036024
-0.020993441741423258,0.9998641803195468,0.00042026944
-0.020431251756638957,0.9996872999890194,0.00042019135
-0.0198690617718551,0.9996353980353442,0.00042024325
-0.0193068717870708,0.9995066696048168,0.00042022174
-0.0187446818022865,0.9999122440036836,0.00042036426
-0.018182492005991868,1.0002137360615575,0.00042031848
-0.017620302021207568,0.9998651767825792,0.0004203314
-0.017058112036423267,0.9995224519748004,0.00042022258
-0.016495922240128635,0.9998807048454662,0.0004203294
-0.015933732255344335,0.9997872811099499,0.00042026181
-0.015371542270560035,0.9994769378501416,0.00042021074
-0.014809352285776178,0.9994156808254978,0.00042023553
-0.014247162300991878,1.0004337013113662,0.00042041382
-0.013684972504696802,0.999843343026307,0.00042025163
-0.013122782519912946,1.0005173245679884,0.00042034453
-0.012560592535128645,0.999671691401303,0.00042029427
-0.011998402550344789,1.0002617920418522,0.00042029194
-0.011436212565560488,0.999730464405596,0.00042020844
-0.010874022769265412,1.0009847932924956,0.00042046563
-0.010311832784481556,0.9995002021061767,0.0004203205
-0.009749642799697256,0.9996494472193628,0.0004203347
-0.00918745300340218,0.9997797871331446,0.00042029392
-0.008625263018618323,0.9991993585272784,0.0004202595
-0.008063073033834023,1.0003107531773179,0.00042040774
-0.007500883237538947,1.000012443486044,0.0004203936
-0.00693869325275509,1.0005563461914229,0.00042037244
-0.006376503456460014,0.9996509707168152,0.00042032124
-0.005814313471675714,0.9995480566039892,0.00042028513
-0.005252123486891858,0.9990736327679088,0.0004201537
-0.0046899336905967814,0.9997491923978602,0.00042028536
-0.004127743705812481,0.9996622867123371,0.0004202925
-0.003565553909517849,0.9994017498681517,0.00042025835
-0.0030033639247335486,0.9998819766147112,0.0004203486
-0.0024411741284384725,0.9994244598092291,0.00042020125
-0.0018789841436546162,1.000257566102803,0.0004203145
-0.0013167941588703158,0.9993469953933214,0.0004202181
-0.0007546041740860154,0.9997579374150365,0.00042031586
-0.00019241437779138337,0.9992902436657257,0.00042021702
0.0003697754185036928,1.0001643709591719,0.00042036487
0.0009319654032879932,1.0000946195161662,0.00042025032
0.0014941551995830693,0.9993995538765711,0.00042023454
0.0020563451843669256,0.9994287423891736,0.00042020588
0.002618535169151226,0.9991635416758022,0.00042022573
0.003180724965446302,1.000034105614994,0.00042038978
0.0037429149502301584,0.9992273830141167,0.0004201684
0.0043051047465252346,0.9992813982592615,0.00042019115
0.004867294542820311,1.000383048353308,0.0004204993
0.005429484527604611,0.9999373237719692,0.00042034697
0.005991674512388467,1.0000232440990569,0.00042032578
0.0065538643086835435,1.0002784269578655,0.00042039383
0.00711605410497862,0.9995860706540742,0.00042023943
0.007678244089762476,0.9989485018710249,0.00042016577
0.008240433886057552,0.9999015408510227,0.00042028577
0.008802623870841852,1.0005009299298702,0.00042033748
0.009364813667136929,1.0002301413309551,0.00042036735
0.009927003651920785,0.9994753012476076,0.00042020288
0.010489193448215861,0.999688668773928,0.00042044406
0.011051383244510937,0.9994377398103178,0.00042028734
0.011613573229295238,0.9994624449344426,0.00042034787
0.01217576302558987,0.9999391726059425,0.00042037264
0.012737952821884946,0.9993971823641407,0.0004202282
0.013300142806669246,1.00000777826641,0.00042033492
0.013862332602964322,1.0003735724089642,0.00042039788
0.014424522399259398,1.0001111282146347,0.00042028067
0.014986712384043255,1.0013451279415944,0.00042047582
0.015548902180338331,1.0003904377695922,0.00042032803
0.016111091976633407,0.9996968844865166,0.00042020946
0.016673281961417263,1.0002481629642594,0.0004203862
0.01723547175771234,0.9994363634157232,0.00042032122
0.017797661554007416,1.00026725359367,0.00042036187
0.018359851538791716,0.9996893152777506,0.00042036144
0.018922041335086792,1.0006320202004675,0.00042053268
0.01948423113138187,0.9998490752517025,0.00042037183
0.020046421116165725,0.9996726046515272,0.00042029534
0.0206086109124608,0.999442810385416,0.00042022165
0.021170800708755877,0.9988362920291428,0.00042015436
0.021732990505050953,0.9999863307432749,0.00042035992
0.02229518048983481,0.9997621478408619,0.00042035934
0.022857370286129886,0.9993550469769633,0.00042020116
0.02341956008242496,0.9999033073536829,0.0004203903
0.023981749878720038,0.9999849556938191,0.0004204282
0.024543939675015114,0.9996688104032019,0.00042025777
-0.024660280192315476,0.9998496077144001,0.00042062748
-0.02409808983055317,0.9997397127915003,0.0004207134
-0.023535899468790866,1.0000908116465563,0.0004206812
-0.022973709295517786,1.0000712792461823,0.00042061412
-0.022411519122244705,1.0002693039676886,0.00042077407
-0.0218493287604824,1.000062206560198,0.0004206363
-0.02128713858720932,1.0004323397714512,0.00042072672
-0.020724948225447015,0.9998356871330857,0.00042064302
-0.020162758052173935,0.9999243948278859,0.00042063068
-0.019600567878900854,0.999501710100589,0.0004202022
-0.01903837751713855,0.9999310554449621,0.00042071007
-0.018476187155376245,1.0000256034836315,0.0004206621
-0.017913996982103164,1.0010035449079135,0.00042078533
-0.017351806808830084,0.9994494681039979,0.00042059016
-0.01678961644706778,1.0004169093715907,0.0004207696
-0.0162274262737947,0.9994662913312753,0.0004205593
-0.01566523610052073,1.0002928024942406,0.0004206333
-0.015103045738759313,1.000447461216757,0.0004206975
-0.014540855565485344,0.999242960821854,0.00042054112
-0.013978665392212264,0.999877076855668,0.00042060876
-0.01341647503044996,0.9993857315540952,0.0004205951
-0.012854284857176879,0.999382792230642,0.00042049977
-0.012292094683903798,1.0005731152774333,0.00042074503
-0.011729904322141493,0.9999212409520338,0.00042056938
-0.011167714148868413,1.000347786599206,0.0004206967
-0.010605523975595332,0.9995674891660496,0.00042055402
-0.010043333613833028,0.9997518819804413,0.0004205559
-0.009481143440559947,0.9993820099552269,0.0004206452
-0.008918953267286867,0.9994353885277826,0.00042044488
-0.008356762905524562,1.0004490361923362,0.00042080454
-0.007794572732251481,0.999559672493297,0.0004206835
-0.007232382558978401,1.0001168718302011,0.0004205881
-0.006670192385704432,0.9989078962163475,0.0004203461
-0.006108002023942127,0.9989745167877906,0.00042053065
-0.005545811850669047,0.9996092695007616,0.00042059697
-0.004983621677395966,0.9999133329465837,0.0004207086
-0.004421431504122886,1.00043166367368,0.0004207131
-0.003859241142360581,1.0001006958462153,0.0004206704
-0.0032970509690875005,0.9990342271518478,0.00042050707
-0.00273486079581442,0.9999530468492347,0.0004205856
-0.0021726706225413395,0.9996478692642591,0.0004205293
-0.001610480449268259,0.9996028179362114,0.00042066493
-0.0010482900875059542,0.9995624915224703,0.0004205535
-0.0004860999142328737,1.0001215247986215,0.00042062305
7.609025904020683e-05,1.0004577790534788,0.00042071272
0.0006382804323141755,0.9998142565380371,0.00042057253
0.001200470605587256,0.9998422485022145,0.00042067963
0.0017626607788603366,0.9992930740187154,0.00042039243
0.002324850952133417,0.9994513017565919,0.000420525
0.002887041313895722,1.0003325115248092,0.00042056292
0.003449231298679578,1.000148600151573,0.0004206261
0.004011421660441883,0.999186979263164,0.000420496
0.004573611833714963,0.9996021393753567,0.0004206695
0.005135802006988044,0.9989454789392299,0.00042055358
0.005697992180261124,1.0004903225532473,0.0004207166
0.006260182353535093,0.9997045648732396,0.0004205002
0.006822372526808174,0.9997724966450791,0.00042053263
0.007384562700081254,0.9999141160847699,0.00042057587
0.007946752873354335,0.9996335713895395,0.00042052488
0.008508943046627415,1.0000186475148747,0.00042066968
0.009071133219900496,0.9998138138934273,0.0004205645
0.009633323393173576,0.9992575042740341,0.00042044054
0.010195513754935881,0.9992745477556315,0.00042043388
0.010757703739720625,1.0002413292666423,0.00042061807
0.011319893912993706,1.0009329726595542,0.000420752
0.011882084086266786,0.9996936247343716,0.0004204452
0.012444274259539867,0.9995997432953927,0.0004204776
0.013006464432812948,1.000024245364613,0.0004206017
0.013568654606086028,1.0000415975846153,0.00042046164
0.014130844779359109,0.9995756890009351,0.00042067954
0.014693034952632189,0.9998102382429868,0.0004206532
0.01525522512590527,0.9991767118429717,0.00042037558
0.01581741529917924,0.9993312741903868,0.00042060073
0.01637960547245232,0.9993870814817983,0.000420616
0.0169417956457254,0.9998007463374418,0.00042066164
0.01750398581899848,0.9999935736376184,0.00042062977
0.01806617599227156,0.9991968696133244,0.00042043507
0.01862836616554464,1.000441477659941,0.00042065335
0.01919055633881772,1.0001061787593266,0.00042056834
0.019752746323602466,0.999930440574038,0.00042074049
0.020314936496875546,1.000486100159815,0.00042062163
0.020877126670148627,1.000684725187072,0.0004207988
0.021439316843421707,0.999557774325559,0.0004205274
0.022001507016694788,0.9995046110380051,0.00042056624
0.02256369718996787,1.000297751298607,0.00042066915
0.023125887174751725,1.0001534448988965,0.0004207691
0.023688077348025693,1.0004019354604956,0.00042072355
0.024250267521298774,1.0004700510556261,0.0004208081
0.024812457694571854,0.9999854812092583,0.00042063964
-0.02452608753069363,0.999999993941663,0.00042036953
-0.023963899807778688,1.000163915945424,0.00042027805
-0.023401712084863746,0.9999918437631768,0.00042032645
-0.02283952417345958,0.9998511993136352,0.00042036097
-0.022277336639033862,0.9994513900119463,0.00042030722
-0.021715148727629696,1.0003465677761159,0.00042052468
-0.021152961004713866,1.0005164083981155,0.00042048
-0.020590773281798924,1.0007492091425343,0.0004204118
-0.020028585558883982,1.0006454550786288,0.00042049427
-0.01946639783596904,1.0004419470814445,0.00042050902
-0.018904209924564874,0.9994733904868691,0.0004201725
-0.01834202239013827,0.9993426705169434,0.0004201617
-0.017779834478734102,0.9998584769807565,0.00042028935
-0.01721764675581916,0.9987435339357043,0.00041998934
-0.016655459221393443,0.9991394604055351,0.00042015454
-0.016093271309989277,0.999537295301224,0.00042038315
-0.015531083587073446,0.9995805214312886,0.0004203198
-0.014968895864158505,0.9995691007350425,0.00042027622
-0.014406708141243563,1.0003552278254595,0.0004203675
-0.01384452041832862,1.0002675139787882,0.00042048134
-0.013282332695413679,0.999952367903531,0.00042029368
-0.012720144972497849,0.9995648851565057,0.0004202603
-0.012157957249582907,0.9996726082099403,0.00042029945
-0.011595769526667965,1.0000510908987497,0.00042022212
-0.011033581803753023,1.0005941113830548,0.00042053
-0.010471394080838081,1.000061633186641,0.0004203674
-0.009909206546411475,0.9996436138827083,0.00042027936
-0.00934701863500731,1.000759228452546,0.00042044526
-0.008784830912092367,1.0003409873989024,0.00042037386
-0.008222643189177425,1.0000010795967822,0.00042034354
-0.00766045565475082,1.0000469305732447,0.00042050052
-0.0070982677433466534,1.0001323635650945,0.0004203335
-0.0065360800204317115,0.9992843530791377,0.00042013492
-0.005973892486005994,0.9996367802849475,0.0004202126
-0.005411704763091052,0.9998312104361418,0.0004201698
-0.004849517040175222,1.0001330511355322,0.00042039662
-0.00428732931726028,1.0006112328749808,0.00042043524
-0.003725141594345338,0.9997884804060161,0.00042033292
-0.003162953871430396,0.9992213269483368,0.00042029374
-0.0026007661485154543,1.0001602506007066,0.00042034392
-0.002038578425599624,0.9998529124796163,0.00042041592
-0.0014763907026846823,1.000441179822565,0.0004203817
-0.0009142031682589646,0.9997008897961456,0.00042038577
-0.00035201544534402274,0.9996348379757628,0.00042019016
0.00021017227757180734,0.99917276199929,0.00042017587
0.0007723600004867492,0.9997847707357437,0.0004202656
0.0013345477234016911,0.9992723243711975,0.00042025946
0.001896735446316633,1.0002515133455359,0.00042033097
0.002458923169231575,0.9999619016351725,0.00042032383
0.003021110703658181,0.9997770941979589,0.00042033597
0.0035832984265731227,0.9999183209209921,0.00042032922
0.004145486149488065,0.9996070950953573,0.0004202391
0.0047076736839146704,0.9995429826112024,0.0004202494
0.005269861406829612,1.0000526782461794,0.0004202225
0.005832049129744554,0.9998313397928252,0.00042031816
0.006394236852659496,0.9997221459421718,0.00042021926
0.006956424575574438,0.9991214422308445,0.0004202821
0.007518612298490268,0.9992393527153053,0.0004202824
0.008080799832915986,1.000071651212642,0.000420355
0.008642987555830928,1.0003825383931237,0.0004205271
0.00920517527874587,0.9997620328556509,0.00042030597
0.009767362813172475,1.0001115531812197,0.00042037293
0.010329550536087417,0.9996229557043039,0.00042027983
0.01089173825900236,0.999307882652755,0.0004202492
0.011453925793428965,0.9993426754499874,0.0004202784
0.012016113516343907,0.9996120125162258,0.00042020326
0.012578301239258849,0.9997094964553264,0.00042038606
0.01314048896217379,1.000216605803093,0.00042045393
0.013702676496599508,0.9996691150751035,0.00042028606
0.014264864219515339,1.0006971135903637,0.00042043
0.01482705194243028,0.9994053568924504,0.00042020326
0.015389239476855998,1.000279015056596,0.00042043015
0.01595142719977094,0.9992443113784417,0.00042019758
0.01651361492268677,0.9991668617453309,0.0004202614
0.017075802457112488,0.9994323983091501,0.00042009377
0.01763799018002743,0.9998491337267154,0.0004204344
0.01820017790294237,0.9994221073587137,0.00042027948
0.018762365437368977,1.000618188801259,0.00042033577
0.01932455316028392,0.9996921181572327,0.00042031644
0.019886740694709637,0.9999775106681406,0.00042035422
0.020448928417625467,0.9999474579528784,0.0004202017
0.021011115952051185,1.0003962337872838,0.00042034598
0.021573303674966127,1.0002298019630464,0.00042022637
0.02213549139788107,0.9995960465591126,0.00042030527
0.022697678932307674,1.0000649584925057,0.00042024782
0.023259866655222616,0.9998236817287156,0.00042031548
0.023822054378137558,0.9999264413266239,0.00042033583
0.024384241912564164,0.9998385119195939,0.00042029654
0.024946429446989882,0.9996338613570618,0.0004203952
-0.024958307951727043,1.0004770000719,0.00042032055
-0.02439612230219179,0.9999619150488983,0.00042035436
-0.023833936841145764,1.0000058832317398,0.0004203758
-0.02327175156858896,1.0001276239333825,0.0004203944
-0.02270956591905371,0.9999829969072008,0.0004203856
-0.02214738045800768,0.9994901883271966,0.00042020582
-0.02158519518544999,1.000549294251621,0.0004203347
-0.02102300953591474,0.9997028135136647,0.00042041135
-0.02046082407486871,1.0003958289669326,0.0004205114
-0.019898638613822683,0.9998415958643136,0.00042022255
-0.01933645334126588,0.9993551962533721,0.0004203362
-0.01877426769173063,0.9997765604589567,0.00042011516
-0.0182120822306846,0.9995097307123394,0.0004202583
-0.01764989695812691,0.9990883120376048,0.0004201457
-0.017087711497080882,0.999869816179962,0.00042027992
-0.01652552584754563,1.0000982973599768,0.000420352
-0.015963340574988827,1.0000463619027253,0.0004202714
-0.0154011551139428,0.999537683753429,0.0004202007
-0.014838969652896772,0.9997966412839384,0.00042023492
-0.014276784191849856,0.999091828659659,0.00042017488
-0.013714598730803829,1.0000950843520418,0.0004203713
-0.013152413269757801,1.0002425073153476,0.00042023874
-0.012590227808711774,0.9993155252468648,0.0004202273
-0.012028042347665746,0.9985327419856966,0.00042008527
-0.011465856886619719,1.000048347466727,0.00042033993
-0.010903671614062915,0.9993813321752821,0.00042013716
-0.010341486153016,0.9991922010491032,0.00042013702
-0.009779300691969972,1.0003140755604079,0.00042039825
-0.009217115230923945,0.9995485968548746,0.00042021798
-0.008654929769877917,0.9991287556355177,0.00042018737
-0.00809274430883189,1.0001878500015233,0.0004203889
-0.007530558847785862,0.999547412835762,0.00042024968
-0.006968373575228171,0.9989384779614744,0.00042009217
-0.006406188114182143,0.9995340128897462,0.0004202284
-0.0058440026531361156,0.999249036966364,0.00042003155
-0.005281817192090088,0.9998380319545593,0.00042039735
-0.0047196317310440605,0.9994745170586306,0.00042028388
-0.004157446458487257,0.9989457664947693,0.00042025588
-0.0035952609974403416,0.9998967316468084,0.0004202838
-0.003033075536394314,0.9996998240264044,0.00042032806
-0.0024708900753482865,0.9995130405045243,0.00042024255
-0.0019087048027914832,0.9996723956787836,0.00042023082
-0.0013465193417454557,1.0005097685764708,0.00042039691
-0.0007843338806994282,0.9998735244095187,0.00042034517
-0.00022214860814173676,1.0003149471267474,0.0004203942
0.00034003685290429075,0.9993603821467385,0.0004202346
0.0009022223139503183,1.0000539209700763,0.00042031734
0.0014644077749963458,0.9992090411029048,0.00042017116
0.002026593047553149,0.9995636975895551,0.000420318
0.0025887785086000648,0.9993004031772178,0.00042023955
0.0031509639696460923,0.9993842661080136,0.00042025364
0.0037131494306921198,1.0003067560377912,0.0004203723
0.004275334703248923,0.9995581224078981,0.00042036103
0.004837520164294951,0.9998449449256999,0.00042036563
0.005399705625340978,1.0000132991436628,0.0004202978
0.0059618908978986696,0.9996089207540004,0.0004202657
0.006524076358944697,0.9995250348504332,0.00042030148
0.0070862616315015,0.9994491342130517,0.0004202715
0.007648447092547528,0.9994407887927315,0.00042021615
0.008210632553593555,1.0002377429824447,0.0004203194
0.008772817826151247,1.000168956096125,0.0004203143
0.009335003287197274,0.999909844137671,0.0004202812
0.009897188748243302,1.000205581993477,0.00042027218
0.01045937420928933,0.9992694700380795,0.00042032363
0.011021559481846133,0.999805480576766,0.000420149
0.01158374494289216,0.9998455814331937,0.00042034563
0.012145930403939076,0.9994429493077355,0.00042019022
0.01270811567649588,0.9994983620762264,0.00042031772
0.013270300949052682,0.9986181862779415,0.00042022482
0.01383248641009871,0.9997460037309468,0.00042029688
0.014394671682656401,0.9995678960486798,0.00042025754
0.014956857143702429,1.0005048131027028,0.00042034077
0.015519042604748456,0.9999284046083073,0.0004203049
0.01608122787730526,1.000234581800981,0.0004204008
0.016643413338351287,0.9993907139283091,0.00042010265
0.01720559861090898,0.9994732665296072,0.0004202549
0.017767784071955006,1.0001789157762704,0.00042034563
0.01832996934451181,1.0003136361310536,0.00042038038
0.018892154805557837,0.9996787838616747,0.00042031007
0.01945434007811464,1.0003436466396531,0.00042031182
0.020016525539161556,1.0004604883649013,0.00042038373
0.02057871081171836,0.9999661584507648,0.00042026365
0.021140896272764387,1.000099844353947,0.0004203621
0.02170308154532119,1.0003823877160656,0.00042036586
0.022265267006367218,0.9994868915133179,0.0004202975
0.022827452467414133,1.0002276112221236,0.00042045134
0.023389637739970937,1.0004403676523506,0.00042045655
0.02395182301252774,0.9997270398362629,0.00042026927
0.024514008473573767,0.999294194786024,0.00042019703
-0.024832405039909133,1.0000595046164504,0.00042024255
-0.024270222029221244,0.9990002806739555,0.00042002945
-0.02370803883004413,1.0000299095033949,0.00042027622
-0.02314585563086613,1.000292438192459,0.00042028396
-0.02258367262017824,0.9999109398034848,0.00042015893
-0.022021489421001128,1.0008762477465194,0.00042026344
-0.02145930641031324,0.9991649496161645,0.00042003358
-0.020897123211136126,0.9996139850895706,0.0004203246
-0.020334940200448237,0.9998318010363654,0.00042022744
-0.019772757001271124,1.0003397677012307,0.00042029427
-0.01921057380209401,0.9998700546264017,0.00042025032
-0.018648390791405234,0.9999053168672447,0.00042025108
-0.01808620759222812,0.9996396531516011,0.00042026577
-0.017524024393051008,0.9998379909232286,0.00042025084
-0.01696184138236312,0.9988057191969005,0.00041998917
-0.016399658183186006,0.9994349555488874,0.0004201354
-0.015837475172498117,0.9996249945453378,0.00042012232
-0.015275291973321004,1.0000810362530577,0.0004202694
-0.014713108962632226,0.9996778744757343,0.00042017517
-0.014150925763455113,1.0001581690335324,0.0004203693
-0.013588742752767224,0.9993040635068434,0.00042003498
-0.013026559553590111,0.9996886369140028,0.00042007345
-0.012464376354412998,0.998841665862592,0.0004200593
-0.01190219334372511,1.000407883551648,0.0004201582
-0.01134001033303722,0.9998863836984976,0.00042019907
-0.010777827133859219,1.000682240565295,0.00042029924
-0.01021564412317133,0.9995199208123571,0.00042018198
-0.009653460923994217,0.9997209012701265,0.00042016944
-0.009091277724817104,0.9993099656569805,0.00041993766
-0.008529094714129215,0.9999339407319048,0.00042018402
-0.007966911703441326,0.9997997400492041,0.00042008073
-0.007404728504264213,0.9999652362221505,0.00042025567
-0.006842545493575436,0.9996782978985523,0.0004201993
-0.006280362294398323,0.9996217516856153,0.0004201856
-0.005718179283710434,0.9998286827128157,0.0004201162
-0.005155996084533321,1.0001988599476626,0.0004201594
-0.004593813073845432,0.9993588758738334,0.00042010593
-0.004031630063157543,1.0000911606253786,0.0004203383
-0.00346944686398043,0.9997137225122904,0.00042013355
-0.002907263853291653,0.9994532790787141,0.00042009284
-0.0023450806541145397,0.9997603244757998,0.00042015818
-0.0017828976434266508,0.9991174887276546,0.0004200602
-0.001220714632738762,1.0000208756506586,0.00042021787
-0.0006585314335616488,1.0006488718784254,0.00042032453
-9.634842287375989e-05,1.000363900269652,0.0004202981
0.000465834587814129,0.9992736454104292,0.00042012168
0.0010280177869912421,0.9995576065366809,0.0004202203
0.001590200797679131,1.000664365738075,0.0004204416
0.0021523839968580205,1.000171760840896,0.0004201916
0.0027145670075459094,0.9995396949287932,0.00042016697
0.0032767500182337983,0.9995968457100224,0.00042016263
0.0038389332174109114,1.0001592788269131,0.00042026816
0.0044011162280988,0.9995387499786353,0.00042027154
0.004963299238786689,0.9995913183174658,0.00042019816
0.005525482249474578,0.9995964358650572,0.00042000168
0.006087665260162467,1.0008203002151264,0.0004203554
0.00664984845933958,0.9994782538992731,0.0004201005
0.007212031470027469,0.9997633585711744,0.00042014456
0.007774214480715358,0.999808443536816,0.00042008527
0.008336397679894247,1.000099716493044,0.00042016225
0.008898580690582136,0.9997437500829657,0.00042006074
0.009460763701270025,0.9993579629869033,0.00042010707
0.010022946711957914,1.0003180927333493,0.00042024182
0.010585129911135027,0.9993068435198205,0.00041992997
0.011147312921822916,1.000675654601566,0.00042040626
0.011709495932510805,1.0000603913603539,0.0004201805
0.012271678943198694,0.9994426295667773,0.00042017488
0.012833861953886583,0.9999531633636545,0.00041999508
0.013396044964574472,0.9998731566440583,0.00042014226
0.013958228163751585,0.9996613167522874,0.00042016912
0.01452041117444125,0.9996814252572228,0.00042003902
0.015082594185129139,0.9997336586249006,0.00042027317
0.015644777195817028,0.9995635161797394,0.00042017322
0.016206960206504917,0.9989423034833634,0.00042012188
0.016769143217192806,0.9993339410453156,0.00042006312
0.017331326227880695,1.000122756456003,0.00042035602
0.017893509427057808,0.9998978706568432,0.00042011
0.018455692437745697,0.9995535037365646,0.00042006327
0.019017875448433585,0.9997261947865838,0.0004201022
0.01958005845912325,0.9997414866683897,0.00042008306
0.02014224146981114,1.0000580047714545,0.0004202416
0.02070442448049903,0.999580616535296,0.00042016865
0.021266607491186917,1.0003164748771551,0.00042017663
0.02182879069036403,1.0000293543027048,0.0004202224
0.022390973512562695,0.9998571521479183,0.00042010294
0.022953156523250584,1.0001988528225645,0.0004203505
0.023515339722427697,0.9995357525203235,0.00042006912
0.024077522544626362,1.0007197164798096,0.00042037273
0.024639705743803475,0.999531803284365,0.0004201936
-0.024710968376876252,1.0001278797073856,0.00042013527
-0.024148788005035726,1.0004074622403607,0.00042006312
-0.023586607821684424,0.9998267261425454,0.00042006868
-0.023024427449842122,1.0006364618077301,0.0004202478
-0.022462247078001596,0.9994716297638675,0.00041997063
-0.021900066894650294,0.9999307087727959,0.00042002436
-0.021337886522809768,0.9998353913360086,0.00042001027
-0.020775706150967466,1.0006847252699296,0.00042006446
-0.020213525967616164,0.9994568179649373,0.00041975122
-0.019651345595775638,0.9998844987645417,0.00041991554
-0.01908916522393511,0.9995132605633701,0.00041989036
-0.018526985040582034,0.9992287862705354,0.00041966912
-0.017964804668741507,1.000237470941709,0.0004201957
-0.01740262429690098,1.000026781128217,0.00042008236
-0.016840444113547903,1.0002593359789378,0.0004198552
-0.016278263741707377,0.9995942456462424,0.00041970075
-0.01571608336986685,0.9995114118767697,0.00041984313
-0.01515390318651555,0.9999865866676559,0.0004200977
-0.014591723003162471,0.999538968878357,0.0004198061
-0.014029542631321945,1.0004373503780222,0.00042005692
-0.013467362259481419,0.9992413252529672,0.00041997607
-0.012905182076130117,0.999373684037923,0.00041975864
-0.012343001704287815,0.999587602502053,0.00042004127
-0.011780821332447289,0.9992466155950056,0.0004198307
-0.011218641149095987,1.0019491441111656,0.00042046697
-0.010656460965742909,1.000549832521583,0.00041994615
-0.010094280593902383,0.9997162973900062,0.0004200555
-0.009532100410551081,1.000071919677886,0.00042007063
-0.008969920038710555,0.9998507726621049,0.00041975445
-0.008407739855357477,0.9992256219737624,0.00041999627
-0.00784555948351695,0.9996791040211206,0.00042022392
-0.007283379300165649,0.9995917795175936,0.00042015515
-0.006721198928325123,0.9997908183898594,0.00041997054
-0.006159018744972045,0.9998971343422854,0.00041995535
-0.005596838561620743,0.9999614091389551,0.00041990622
-0.005034658189780217,0.9997628089404617,0.00041989613
-0.004472477817937914,0.9997337987326074,0.00041998777
-0.0039102976345866125,0.9996918122961916,0.0004198138
-0.0033481174512353107,0.999880073636235,0.00041994816
-0.0027859370793947846,0.9995731531754599,0.0004199403
-0.0022237568960417065,1.0000620532775382,0.00042009822
-0.0016615767126904046,1.000407749259112,0.0004200167
-0.0010993963408498786,1.0000039750765437,0.00042012025
-0.0005372161574968004,1.0002482118176281,0.0004202473
2.4964025854501415e-05,0.9999385296081613,0.00042008056
0.0005871443976950275,1.0000342735787813,0.0004201953
0.0011493245810463293,0.9999133352142361,0.00041959726
0.0017115047643994075,0.999589203967246,0.0004201082
0.0022736851362399335,0.9991550860181785,0.00041956245
0.002835865131102011,1.0003275743206115,0.00042016906
0.0033980455029443135,1.0000680298231757,0.0004199814
0.003960225686295615,0.999942869510055,0.00041983655
0.004522406058136141,1.0002491601423327,0.0004202323
0.0050845862414892196,0.9998277198212121,0.00042000954
0.005646766424840521,0.9992839472876137,0.00041974816
0.006208946608191823,0.9997792620100374,0.0004197197
0.006771126791543125,0.999431613615578,0.00041982907
0.007333306974896203,0.9995437046514711,0.00041990212
0.00789548734673673,0.9995721958793168,0.00042002398
0.008457667530088031,0.9998314348587676,0.0004200435
0.00901984771344111,1.0006022005011685,0.00041982203
0.009582027896792411,0.9993886521150389,0.00041975873
0.010144208080143713,1.0003950308606113,0.000420029
0.010706388263496791,0.9995794265270816,0.00041978608
0.011268568635337317,1.0002259812850949,0.00041994764
0.011830748630199395,0.9995324257350667,0.00041999196
0.01239292900203992,1.0000508269494226,0.00042008658
0.012955109185392999,1.000378517602254,0.0004198985
0.0135172893687443,0.9990113120435441,0.0004200028
0.014079469552095603,0.9999846153859082,0.0004201097
0.01464164973544868,0.9998477535521181,0.00041966297
0.015766010102151284,1.0006335959178054,0.00042018355
0.016328190285504363,1.000396395239312,0.00041990812
0.016890370468855664,1.0004494138182438,0.0004202594
0.017452550652206966,0.9996130797153976,0.00042011307
0.018014730835560044,1.0001154726854118,0.0004200296
0.018576911018911346,1.000366171304499,0.00042025672
0.019139091202262648,0.9994460267182111,0.00041998207
0.019701271385615726,0.9996171049030403,0.00042001926
0.02082563175231833,0.9995033456589588,0.00042007925
0.021387811935671408,0.9997607603143437,0.00042012983
0.02194999211902271,1.0005958057546969,0.00042019621
0.022512172113884787,1.0005864849407786,0.00042023236
0.023074352297237866,1.0004400272726757,0.00042016027
0.02363653266907839,0.9994643394086049,0.00042013393
0.02419871266394047,1.0003493710074904,0.00042014982
0.024760892847293547,0.9995863804149729,0.00042011158
-0.02469918209772004,0.9994975277372131,0.00041506975
-0.024136986646738023,1.0000296159296524,0.00041523186
-0.023574791384305627,0.999901420209161,0.0004151837
-0.02301259593332361,0.9999196374860514,0.00041520785
-0.02245040067083437,1.0002859711022838,0.00041518806
-0.02188820540834513,1.0000242199366305,0.00041518433
-0.021326009957419956,0.999995889437931,0.00041519816
-0.020763814694930716,0.9998258075994079,0.0004152516
-0.0202016192439487,1.0005599119417552,0.000415279
-0.01963942379296668,1.0000871864969516,0.00041519245
-0.01907722853047744,1.0006300731254347,0.00041521245
-0.018515033268045045,0.9997058394200437,0.00041517994
-0.017952838005555805,0.9993263958798214,0.00041506471
-0.017390642554573787,0.9992534682760084,0.00041508346
-0.016828447292084547,1.000402176592549,0.00041527115
-0.016266251841159374,1.0000471375335893,0.00041520878
-0.015704056578670134,1.0004327211914905,0.00041519862
-0.015141861316180893,0.9996477199133186,0.00041512438
-0.014579665865198876,0.9996611476482747,0.0004151066
-0.014017470602709636,1.0000081497925952,0.00041519228
-0.013455275151784463,0.9996851794281164,0.0004151767
-0.012893079889295223,0.9994441628973324,0.00041512097
-0.012330884626805982,0.9995208188715117,0.00041518628
-0.011768689175823965,1.0001528171142067,0.000415231
-0.011206493913334725,0.9997197702163076,0.00041517708
-0.010644298650902329,0.9995732292909444,0.00041515354
-0.010082103199920311,0.9992357468340318,0.00041507455
-0.009519907937431071,0.9999946930063709,0.0004152396
-0.008957712674941831,0.9991522741313187,0.0004149748
-0.008395517412452591,1.0007503179414325,0.00041532656
-0.007833321961527417,0.999520135762985,0.00041506192
-0.007271126699038177,0.9994792267177914,0.00041515136
-0.006708931436548937,0.9994728775874705,0.00041513084
-0.00614673598556692,0.9999684867622106,0.00041509818
-0.005584540723134523,0.9996483210755536,0.00041507013
-0.005022345460645283,0.9990078121990104,0.00041502342
-0.004460150198156043,0.9996753824051086,0.00041518806
-0.003897954747174026,1.0001816935063135,0.0004151801
-0.003335759484684786,0.999934524588975,0.00041517854
-0.0027735642222523893,0.9994244455730775,0.00041516416
-0.002211368959763149,0.9989855452939522,0.00041501905
-0.001649173697273909,0.9994606568192522,0.0004151057
-0.001086978246291892,0.99983586945131,0.00041517417
-0.0005247829838026519,0.9997427552329121,0.00041507065
3.741227862974483e-05,0.9994666556426645,0.00041514533
0.0005996077296117619,0.9999360986687388,0.00041517348
0.001161802803608225,0.9992951358341334,0.00041504626
0.0017239982545902421,0.9998480431633366,0.00041516792
0.0022861935170794823,0.9993795593119927,0.00041511125
0.002848388779511879,1.0002283212636935,0.0004152068
0.003410584042001119,0.9991153724627502,0.00041506463
0.003972779304490359,1.0008841678869995,0.00041530273
0.004534974755472376,1.0000798191279567,0.00041513066
0.0050971698294688395,0.9998671532245635,0.00041508494
0.005659365280394013,0.9992954760305123,0.00041507138
0.006221560542883253,0.9996217898266574,0.00041517173
0.006783755805372493,0.9999159641109021,0.000415154
0.0073459510678617335,0.9993586225588613,0.00041513157
0.007908146330350974,0.999708565709519,0.00041509556
0.00847034159278337,1.00010815523676,0.00041525232
0.009032537043765387,0.999692219875344,0.00041514842
0.00959473211776185,0.9996421724359191,0.00041517252
0.010156927568743868,1.0000948214556882,0.00041522097
0.010719122831233108,0.9994965813352484,0.0004151541
0.011281318093665504,1.0001435998629051,0.00041529007
0.011843513356154745,0.9992580627789202,0.00041513483
0.012405708618643985,0.9991069216661962,0.0004150294
0.012967903881133225,0.9991838702652767,0.0004150669
0.013530099143622465,0.9995329025002032,0.00041504356
0.014092294406054862,0.9989470084852063,0.00041501195
0.014654489668544102,0.9997053025775021,0.0004151512
0.015216684931033342,0.9997507733545138,0.00041512618
0.015778880193522582,0.9995715342160822,0.00041520665
0.016341075456011822,0.9997808417798808,0.0004151442
0.01690327071844422,0.9998524272951662,0.00041510008
0.01746546598093346,0.9998156805231303,0.00041517
0.0180276612434227,1.0002753264722732,0.0004152426
0.01858985650591194,0.999829049956075,0.00041517935
0.01915205176840118,0.9994287307269031,0.000415126
0.01971424703089042,1.0000996165537905,0.00041509286
0.020276442293322816,1.0009006832970093,0.00041531565
0.020838637555812056,1.0008736293405067,0.0004153286
0.021400832818301296,1.0000985660235913,0.00041521763
0.021963028080790536,1.0001408508138234,0.00041528099
0.022525223343279777,0.9993893441477958,0.00041510767
0.023087418417219396,1.0001748335745444,0.00041527345
0.023649613868201413,1.0002270125094797,0.00041524164
0.024211809130690654,1.0001029827881955,0.0004152727
0.024774004204687117,1.0000106423037838,0.00041513014
-0.024555744612143826,0.9999611391525199,0.00041516204
-0.02399355142301829,0.999370623988001,0.00041503838
-0.02343135861093515,1.0000937955580664,0.00041516582
-0.02286916561030239,0.9994029981370092,0.00041502054
-0.02230697260966963,1.0001668282902123,0.000415191
-0.021744779609093712,1.000521019374573,0.00041530392
-0.02118258660846095,0.9999389414238099,0.00041505325
-0.020620393607885035,0.9999136028246652,0.0004151106
-0.020058200607252274,0.9992287171606081,0.00041504612
-0.01949600779511229,1.0001001008628567,0.00041512668
-0.018933814794536374,1.0005826936929436,0.00041531312
-0.018371621793903614,0.9998285092639603,0.00041504228
-0.017809428793327697,0.9996484099917365,0.00041511594
-0.017247235792694937,0.9996177628812195,0.0004150483
-0.016685042980554954,1.000512394470692,0.00041515476
-0.016122849979979037,0.9991942554696734,0.00041504487
-0.015560656979346277,0.9995455556032834,0.00041501693
-0.01499846397877036,0.9993723613522266,0.0004150034
-0.0144362709781376,1.0002566701518614,0.00041511367
-0.013874078165997616,0.9997539510753759,0.0004150088
-0.0133118851654217,0.9999988182870401,0.00041506282
-0.01274969216478894,0.9997123648230176,0.00041502214
-0.012187499164213023,0.9998921908026002,0.00041511623
-0.011625306163580262,0.9999266045320448,0.00041508328
-0.011063113351440279,1.0001449999553276,0.00041518686
-0.010500920350864362,1.0000155691554173,0.00041508832
-0.009938727538724379,1.000237581673723,0.0004151531
-0.009376534538148462,1.000439335395706,0.00041510112
-0.008814341537515702,1.0000254003080353,0.0004151634
-0.008252148536882942,0.9989574182593784,0.00041499484
-0.007689955536307025,0.9998283642857035,0.00041506026
-0.007127762724167042,0.9999412678302884,0.00041517417
-0.006565569723591125,0.9994805389796635,0.0004150668
-0.0060033767229583646,1.0000205143045253,0.00041501492
-0.005441183910818381,0.9999129478414805,0.00041509248
-0.0048789909102424645,1.0002109271649096,0.00041513954
-0.004316798098102481,0.9996571573801589,0.00041510147
-0.003754605097469721,0.9994160317843758,0.0004150164
-0.003192412096893804,1.0001617080993663,0.00041516754
-0.002630219284753821,1.000076196712645,0.00041517094
-0.002068026284177904,1.0004614718318505,0.00041516707
-0.0015058332835451438,1.0002106422162145,0.00041512647
-0.0009436404714051605,0.9995125414137584,0.00041498503
-0.0003814474708292437,0.9996239239619333,0.00041503093
0.00018074552980351655,1.0002773439996302,0.00041514935
0.0007429383418866564,0.9994683167995037,0.00041510563
0.0013051313425194166,0.9983452522300229,0.00041484137
0.0018673241546594,1.0002225065453427,0.00041520296
0.0024295171552353167,0.9992912483355313,0.00041489716
0.0029917099673753,0.9994282493032828,0.00041501853
0.0035539029680080603,1.0000816426955745,0.00041520208
0.0041160957800912,0.9992321275345274,0.00041501631
0.00467828878072396,1.0002979530960188,0.00041516183
0.0052404815928071,0.9991611048301837,0.00041494428
0.0058026745934398605,0.9999100638341488,0.00041520395
0.006364867594072621,0.9996496939127728,0.00041510307
0.006927060406155761,0.9990472520495927,0.00041502313
0.007489253406788521,0.9996586075996543,0.00041503567
0.00805144621887166,0.9997847894653924,0.00041502801
0.008613639219504421,0.9991271464852894,0.00041495863
0.009175832031644404,1.0001280542956013,0.0004150945
0.009738025032220321,0.9998747032163625,0.00041506725
0.010300217844360304,1.0000368010959297,0.00041514353
0.010862410656500288,0.9998928166321805,0.00041499347
0.011424603657076204,1.0002085448160165,0.00041512848
0.011986796469216188,0.9995883941654503,0.00041506058
0.012548989469792105,0.9994513414309328,0.00041507193
0.013111182470424865,0.9998042177022072,0.00041514277
0.013673375282564848,0.9996467569808412,0.0004150971
0.014235568094647988,0.9999870418496387,0.00041512272
0.014797760906787971,1.0002176690480795,0.0004151038
0.015359953907420731,0.9989350282129443,0.00041487985
0.015922146907996648,1.0001059791127778,0.00041509775
0.01648433972013663,1.000324801786068,0.00041505945
0.01704653253221977,1.0007202956946748,0.0004151504
0.017608725344359755,0.9994388378640526,0.00041505546
0.018170918344992515,0.999891031162185,0.000415143
0.01873311134556843,0.9998008394086232,0.0004151224
0.019295304157708415,1.0004734555601535,0.0004152293
0.0198574969698484,1.0001036517034536,0.00041505732
0.020419689781931538,1.0001536961342956,0.00041522074
0.0209818827825643,0.9997454373087111,0.00041506885
0.02154407559470428,1.0003487053104074,0.0004151485
0.02210626840678742,1.000320371817107,0.00041500307
0.022668461407420182,0.9995344028431102,0.00041496503
0.02323065421950332,0.999325070111731,0.00041504897
0.023792847031643305,0.99987747625574,0.00041507027
0.024355039843783288,1.0006521844033316,0.00041522854
0.024917232844359205,1.0012372456333398,0.0004153155
-0.024978715685449515,1.0008666225621277,0.00041509245
-0.024416524946730078,0.9999878935290719,0.0004148734
-0.023854334396446575,1.0002202867562522,0.00041505272
-0.023292143846219915,1.0001327815689984,0.00041492653
-0.022729953107443635,0.9996000248530339,0.00041483683
-0.022167762557216975,1.0005173966486174,0.00041503055
-0.021605571818497538,1.000576245161907,0.00041511044
-0.021043381268214034,0.99969100431136,0.00041490764
-0.020481190717987374,1.0001183584827962,0.0004149628
-0.019918999979211094,1.0001307179097838,0.00041490735
-0.019356809428984434,1.000471375163002,0.00041511803
-0.01879461887870093,0.9997613853482156,0.00041488733
-0.01823242832847427,1.0001972342318137,0.00041499897
-0.017670237589754834,1.0001409243171462,0.0004149266
-0.01710804703947133,1.0005192561780518,0.00041496783
-0.01654585648924467,1.0002133525560744,0.00041499062
-0.01598366575046839,1.0004734383470142,0.0004150058
-0.01542147520024173,0.9989284003400025,0.00041476704
-0.01485928465001507,0.9996758133308165,0.00041490333
-0.01429709391123879,1.0003239820193652,0.00041497947
-0.01373490336101213,0.9995172738474444,0.00041487196
-0.013172712810728626,0.9996511834547901,0.00041501582
-0.012610522260501966,0.9992983997053226,0.00041489708
-0.01204833152178253,0.9996251807381815,0.0004149226
-0.011486140971499026,1.0002550835853357,0.00041495945
-0.010923950421272366,0.9995399928197959,0.00041499067
-0.010361759870988863,0.9997253947939027,0.00041493398
-0.009799569320762203,0.9996555889354825,0.0004149462
-0.009237378581985922,1.000027211171614,0.00041493232
-0.008675188031759262,1.0002809219197801,0.0004149988
-0.008112997481532602,0.9995638718773725,0.0004149132
-0.007550806931249099,1.000076841745833,0.00041490784
-0.006988616381022439,1.0003760630582708,0.00041501175
-0.0064264256422461585,0.9998120421150424,0.00041488552
-0.0058642352805122755,1.0000544215368183,0.00041500572
-0.005302044541735995,0.9996015537706461,0.00041486503
-0.004739853991509335,0.9995949246975993,0.0004149505
-0.004177663441282675,1.0001503939050826,0.00041493465
-0.003615472890999172,0.9998170981780149,0.00041491966
-0.003053282340772512,1.0003119445564663,0.0004149906
-0.0024910917904890084,0.9991618778195932,0.00041483546
-0.0019289010517695715,0.9995570508738959,0.0004149776
-0.001366710501486068,0.999690604084479,0.00041494245
-0.0008045199512594081,0.999565024216141,0.0004149257
-0.00024232940103274814,0.9994993512476003,0.00041482985
0.00031986114925075526,0.9996094315634,0.0004149144
0.0008820516994774152,0.9997021706793996,0.00041492554
0.0014442422497609186,0.9986394421961617,0.00041475467
0.0020064327999875786,1.0001704186161666,0.0004150135
0.002568623350271082,0.9989951578518018,0.00041483654
0.003130813900497742,0.9995872864511839,0.00041496338
0.003693004450724402,0.9988934968606598,0.0004147643
0.004255195001007905,0.9989942927914564,0.0004148261
0.004817385551234565,0.9994218366510289,0.00041486692
0.005379576101518069,0.9995653444659766,0.00041493095
0.005941766651744729,0.9988311694313506,0.0004147298
0.006503957202028232,0.9998694251952576,0.0004149223
0.007066147752254892,0.9995819278067148,0.00041485782
0.007628338302481552,0.9997427232689855,0.00041483494
0.008190528852765055,0.9995994964396487,0.00041487557
0.008752719402991715,0.999602583718128,0.00041497187
0.009314909953275219,1.0000683988364993,0.00041491003
0.009877100503501879,1.0002846472646665,0.0004150349
0.010439291053785382,0.9995042013865709,0.00041479705
0.011001481604012042,1.0001567736362835,0.00041489798
0.011563672154295546,1.0000465504738076,0.00041496992
0.012125862704522206,0.9999042608824368,0.00041492484
0.012688053254748866,0.9996608111919953,0.0004149044
0.013250243616539592,0.9993927068333761,0.000414929
0.013812434355259029,0.9997263582107986,0.0004148882
0.014374624905542532,1.0006012573468086,0.00041501038
0.014936815267276415,0.9997838234554591,0.00041495237
0.015499005817559919,0.9998545571382239,0.00041492432
0.01606119636778658,1.0004517074907806,0.00041503535
0.016623386918070082,0.9997969524025476,0.00041492138
0.017185577468296742,0.9996165372570213,0.0004148316
0.017747768018523402,0.9999328894717486,0.0004149292
0.018309958568806906,0.9996176246579168,0.00041489402
0.01887214893054079,1.0001715523426864,0.00041497045
0.019434339480824292,1.000258063419154,0.00041503922
0.019996530031050952,1.0006887429691231,0.00041519047
0.020558720581334455,1.0005002428010519,0.00041499626
0.021120911131561115,0.9993198649968532,0.00041489385
0.021683101493351842,1.0005824439374287,0.00041501506
0.022245292043578502,0.9998239023074099,0.00041491003
0.022807482593805162,0.9998999856671216,0.00041500424
0.023369673144088665,1.0003394414405806,0.00041499638
0.023931863694315325,1.0000596491008633,0.00041495805
0.02449405405610605,1.0002392804061415,0.0004149988
-0.02484376793654519,0.9999992838161677,0.00041493788
-0.024281579836667788,1.0004032049306284,0.00041500496
-0.023719391736790385,1.0004327758488847,0.00041502094
-0.023157203448420205,1.000158631637249,0.00041494274
-0.02259501534848596,1.0016854903890198,0.0004152147
-0.022032827248608555,1.0003263356615146,0.00041504175
-0.021470639148731152,1.000365450790496,0.00041501288
-0.020908451048796906,1.000585481444131,0.00041497353
-0.020346262760426725,1.0005476313118096,0.00041503907
-0.0197840748490421,0.9991858688198375,0.0004148618
-0.01922188656067192,0.9999032066863507,0.0004149681
-0.018659698460737673,0.9992137292401014,0.00041483995
-0.01809751036086027,0.9995230883716769,0.0004148133
-0.017535322260982866,1.0004024785983483,0.00041493485
-0.016973134161105463,0.9995499216303132,0.00041489673
-0.016410946061171217,1.0001593119124643,0.00041497496
-0.015848757772801036,0.9995502494047666,0.00041487504
-0.01528656986141641,0.9995162590248126,0.000414857
-0.01472438157304623,0.9998704571548881,0.00041490735
-0.01416219366160476,0.9997344504448528,0.0004148992
-0.01360000537323458,0.9997525859394419,0.00041485153
-0.013037817273357177,0.9993999809166054,0.00041484466
-0.01247562917342293,0.9996086775645235,0.00041483677
-0.011913441073545528,0.9993354772317316,0.0004147942
-0.011351252973668124,1.000254072607363,0.00041494885
-0.010789064873790721,0.9996065362120167,0.00041480665
-0.010226876773856475,0.9999549318475945,0.00041483712
-0.009664688673979072,1.0000897202052101,0.0004150117
-0.009102500574101668,0.99977462358155,0.00041497435
-0.008540312474167422,0.9991861680053631,0.00041476724
-0.007978124374290019,0.9996407930852768,0.0004148865
-0.007415936274412616,0.9997628122930198,0.00041492176
-0.0068537481745352125,0.9998387011938806,0.00041489815
-0.006291560074600966,0.9998853287790365,0.00041485668
-0.005729371974723563,0.9999884129231126,0.00041491695
-0.00516718387484616,0.9999042574602579,0.00041499187
-0.00460499596340469,1.0002559387021173,0.0004150021
-0.004042807863527287,0.9998896861532597,0.00041492004
-0.0034806195751571067,0.9993350293470753,0.00041474146
-0.0029184316637724805,0.9997210086261025,0.00041493343
-0.002356243563838234,0.9993485957588438,0.00041484932
-0.0017940554639608308,0.9993079843514099,0.00041486815
-0.0012318673640834277,1.00014411404527,0.00041493154
-0.0006696792641491811,0.9989254783350104,0.0004147046
-0.00010749116427177796,0.9988858113078245,0.00041475348
0.0004546969356056252,1.0000343122169661,0.0004148973
0.0010168848469902514,1.0002052234299459,0.00041493605
0.001579072946924498,0.9994797973936417,0.0004148308
0.002141261046801901,0.9997879883579639,0.00041492283
0.0027034491466793042,0.9998758970769009,0.00041488552
0.003265637246613551,0.9998458331930601,0.00041490787
0.003827825157998177,1.0006594735400123,0.00041507703
0.00439001325787558,0.9998740494984797,0.00041489475
0.004952201357752983,1.001705882749186,0.00041525986
0.00551438945768723,0.9994017260348069,0.00041476966
0.006076577557564633,0.9990886106899547,0.0004148524
0.006638765468949259,1.0001513208838826,0.00041492336
0.007200953568883506,0.9993143522388873,0.00041476748
0.007763141668760909,0.9998921711690515,0.0004150116
0.008325329768638312,0.9991416794854886,0.00041483855
0.008887517868515715,0.9994484072422773,0.0004149223
0.009449705779957185,1.0004932142838334,0.0004150675
0.010011893879834588,0.9997971871794231,0.00041494734
0.010574081791219214,0.9986740599701224,0.00041463095
0.01113626989115346,0.999599733318875,0.00041480098
0.011698457991030864,1.0001785263371215,0.00041499408
0.012260646090908267,0.9999022058609854,0.00041486332
0.012822834190842514,0.9994745940841734,0.00041482504
0.01338502210222714,1.000863756634516,0.0004150174
0.013947210202104543,1.000048375932118,0.000414979
0.014509398113546013,0.9998097957013424,0.00041491163
0.015071586213423416,0.9999876187649437,0.00041495133
0.01563377431330082,0.999580324334824,0.0004148466
0.016195962224685445,0.9997783981990079,0.00041488197
0.01675815032461969,0.9996469155609757,0.0004148448
0.017320338236004318,0.9997106682540692,0.0004148779
0.01788252633588172,0.99980625672891,0.00041484524
0.018444714435815968,0.9990858313690185,0.00041485255
0.019006902347200594,0.9998632506783417,0.00041495523
0.019569090447077997,0.999308173749549,0.00041484903
0.020131278358519467,0.999991858218468,0.00041499294
0.02069346645839687,0.9997971541670918,0.00041487
0.021255654369781496,1.0002177353543986,0.00041501498
0.0218178424696589,0.9995968510547845,0.00041486023
0.022380030569593146,1.000887684958957,0.0004150261
0.022942218480977772,1.0002436783028563,0.00041499585
0.023504406580855175,1.0002239035242655,0.00041502347
0.024066594492296645,0.9996260553582293,0.00041484315
0.024628782592174048,0.9997731053583032,0.00041490016
-0.024713460411874166,1.0002452092093674,0.0004151805
-0.024151274950838797,1.0004602055303946,0.00041509263
-0.02358908930131065,1.000265401238144,0.0004151616
-0.023026903651782504,0.9998257349762236,0.0004150988
-0.022464718002254358,0.999514894776002,0.00041504897
-0.02190253235272621,1.0006325533996112,0.00041523788
-0.021340346891634,0.9997871100594327,0.00041508707
-0.020778161242105853,1.0003023282592276,0.00041521442
-0.020215975592577706,1.0002804835179548,0.00041519245
-0.019653790131542337,0.9995066915796196,0.0004149633
-0.01909160448201419,0.9997266345915162,0.0004152095
-0.018529418832486044,1.00027346707813,0.00041519862
-0.017967233182957898,0.9997706843414998,0.0004152397
-0.017405047533372908,1.000163385505839,0.00041530182
-0.01684286207233754,0.9997162485032938,0.0004152411
-0.016280676422809393,0.999913769002241,0.00041516233
-0.015718490961774023,0.9995651941861017,0.0004152116
-0.015156305312245877,0.9998973765668251,0.00041530989
-0.01459411966271773,1.0002470550618752,0.00041532912
-0.014031934013189584,0.9990539573409423,0.00041518718
-0.013469748363604594,0.9991293682085297,0.0004153082
-0.012907562902569225,0.9998872659557897,0.00041539376
-0.012345377253041079,0.9998979281440471,0.0004154418
-0.01178319179200571,0.9998596777303798,0.0004152667
-0.011221006142477563,1.0000281404043156,0.00041537292
-0.010658820492949417,0.9993746008130484,0.00041543873
-0.01009663484342127,0.9999996774288887,0.0004152863
-0.00953444919383628,1.0001123553113995,0.0004155874
-0.008972263732800911,0.999674594915721,0.00041539044
-0.008410078083272765,0.9994934546396758,0.0004153967
-0.007847892433744619,1.000218926496749,0.0004156432
-0.007285706972709249,1.0007190038425713,0.00041570852
-0.006723521323181103,1.0000391472058414,0.00041561
-0.006161335862145734,1.000176533159394,0.00041560672
-0.005599150212560744,1.0006296188652415,0.0004157392
-0.005036964563032598,0.9994547894530197,0.0004156724
-0.004474778913504451,0.9998604161962695,0.00041572662
-0.003912593263976305,0.9994718461479307,0.00041571195
-0.0033504078029409357,0.9994540281662022,0.0004156539
-0.0027882221534127893,0.9998776474624415,0.00041577185
-0.00222603669237742,1.0000523738673315,0.000415902
-0.0016638510427924302,0.9998967180223718,0.00041581757
-0.001101665393264284,1.0001613546975887,0.0004159287
-0.0005394799322289145,0.9998109675818456,0.00041588227
2.2705717299231765e-05,0.9996376324242768,0.00041590515
0.0005848913668273781,1.0001058403705712,0.0004159645
0.0011470768278627475,0.9993712266383273,0.00041578713
0.0017092624773908938,0.9992930247605524,0.00041575343
0.0022714481269758835,0.9995446384538987,0.00041583413
0.002833633588011253,0.999926143419629,0.00041593198
0.003395819237539399,0.9992980095342971,0.0004158349
0.0039580048870675455,0.9997090535039832,0.00041590093
0.004520190536595692,0.9998499102059583,0.00041600925
0.005082375997631061,0.9998248147554671,0.0004160385
0.0056445616471592075,0.9996963993642413,0.00041594714
0.00620674710825142,0.9997398698648191,0.00041603798
0.006768932757779567,0.9991691298819723,0.00041596143
0.007331118218814936,0.999916304381352,0.0004160289
0.007893303868343082,0.99958142465762,0.00041597005
0.008455489517871229,0.998962787642863,0.00041584836
0.009017674978906598,0.9994192829802675,0.00041603018
0.009579860628491588,1.0003322049090975,0.0004161563
0.010142046278019734,0.999565173300433,0.000416061
0.010704231739055103,0.9995283715991803,0.00041618815
0.01126641738858325,0.9998126837301542,0.00041618128
0.011828603038111396,0.9997550101995831,0.000416205
0.012390788499146765,0.9996440191797931,0.0004160455
0.012952974148674912,0.9996640004322781,0.0004161705
0.013515159798259901,0.9995106664449099,0.00041621123
0.01407734525929527,0.9998047085083592,0.00041624237
0.014639530908823417,0.9998159469075485,0.00041624185
0.015201716558351563,0.9993615904315201,0.0004162081
0.015763902019386933,1.000081478951952,0.00041641
0.01632608766891508,0.9998615311081133,0.0004162089
0.01688827312995045,0.9997155339212822,0.00041626557
0.017450458779535438,0.9996198128263716,0.00041628603
0.018012644429063585,0.9997955810351875,0.0004163769
0.018574829890098954,1.0008428485804532,0.0004165183
0.0191370155396271,0.9995556681249538,0.00041632447
0.01969920100066247,0.999732114732345,0.0004162151
0.020261386650190616,1.0001728948437976,0.00041648175
0.020823572299718762,0.9999214945087515,0.00041643143
0.021385757760810975,1.0000993819815167,0.0004163674
0.02194794341033912,1.0001098206960986,0.0004164683
0.02251012887137449,0.9999077614374258,0.00041649153
0.023072314520902637,0.9991315487438017,0.0004163137
0.023634500170430783,1.000384624885771,0.00041655768
0.024196685631466153,1.0003610801677283,0.00041652186
0.024758871281051142,0.9998563596296686,0.00041641234
-0.024582528799896863,0.9995990220326386,0.00041508413
-0.024020340699962617,0.9988646230385475,0.00041495726
-0.023458152600085214,1.000330189345647,0.00041519047
-0.02289596450020781,1.0008197965046144,0.00041520735
-0.022333776400273564,0.9996214859893167,0.0004150493
-0.02177158830039616,0.9996028564852453,0.00041509312
-0.021209400200518758,1.0002987864364667,0.00041518288
-0.020647212100641354,0.9996864913594758,0.0004151087
-0.020085024000707108,1.0003088528814719,0.00041520238
-0.019522835900829705,0.9993239046007802,0.0004151402
-0.0189606478009523,0.999648837112028,0.00041506358
-0.018398459701018055,0.9996826105441713,0.00041512054
-0.017836271601140652,0.9993344518399498,0.00041501605
-0.01727408350126325,1.0000547107023168,0.0004151582
-0.016711895401385846,0.9998188794812698,0.00041506306
-0.0161497073014516,1.0007267445559966,0.0004151955
-0.015587519201574196,0.9996950728507991,0.0004150465
-0.015025331101696793,0.9998942457515503,0.00041515753
-0.014463143001762546,1.0000389160174081,0.00041517042
-0.013900954901885143,1.0007618079550538,0.00041527918
-0.01333876680200774,1.0007001586677053,0.00041514894
-0.012776578702130337,0.99972999369725,0.00041510526
-0.012214390790688867,0.9997738702401335,0.0004151011
-0.011652202502318687,1.0000295149751297,0.000415199
-0.011090014402441284,0.999923596140287,0.0004151017
-0.010527826490999814,0.999317887078063,0.00041511006
-0.009965638391122411,0.9996243421392705,0.00041508372
-0.009403450291245008,1.000020416336971,0.0004151443
-0.008841262191367605,0.9995719608883252,0.00041506943
-0.008279074091433358,0.9993183163236891,0.00041508733
-0.007716885991555955,1.0000883559334468,0.00041518483
-0.007154697891678552,1.0000472852149205,0.0004152703
-0.006592509980237082,0.9992176031470922,0.00041501236
-0.006030321691866902,0.9995327987634186,0.00041503867
-0.005468133591989499,0.9994198047424953,0.0004149988
-0.004905945680604873,0.9997937769596231,0.00041511242
-0.004343757580670626,1.0001893965337654,0.0004152188
-0.003781569480793223,0.9991108230969632,0.00041507892
-0.00321938138091582,0.9998588685056516,0.00041514504
-0.0026571934694743504,0.9995178401067103,0.00041502234
-0.0020950053695969473,0.998832249920433,0.00041495825
-0.0015328172697195441,1.000166334571193,0.00041517997
-0.000970629169842141,1.0004080348495303,0.00041524737
-0.0004084410699078944,0.9998969359436711,0.0004150185
0.00015374702996950873,1.0004279918578909,0.00041528925
0.0007159351298469119,0.9996016562599686,0.00041503448
0.0012781232297811584,0.9989664899299444,0.00041499097
0.0018403111411657846,1.0001511074527027,0.00041519603
0.002402499241043188,0.9999467827547455,0.00041514076
0.002964687340920591,0.9995696228663166,0.00041511428
0.0035268754408548375,0.9999413240538136,0.0004151504
0.004089063540732241,1.0002100636762372,0.00041519897
0.004651251452116867,0.9995130101611741,0.00041497193
0.005213439552051113,0.9999897478243936,0.00041506081
0.005775627651928517,1.0001780557714526,0.00041520252
0.00633781575180592,1.000464510075691,0.00041516838
0.006900003851683323,0.999138913414947,0.00041502537
0.0074621917631247925,1.0001246243875377,0.00041516966
0.008024379863002196,1.0001204181985548,0.00041525482
0.008586567774386822,0.9996478394476097,0.0004150799
0.009148755874321068,0.9992649220302934,0.00041506134
0.009710943974198472,0.9996166553900063,0.0004150872
0.010273132074075875,0.9995059948221054,0.0004150668
0.010835320174010121,1.000152393505351,0.0004151588
0.011397508085394747,1.000039346856415,0.00041514257
0.01195969618527215,0.9997867513747258,0.0004151185
0.01252188409671362,0.9992181229699708,0.00041503896
0.013084072196591023,0.9993137675654921,0.000415146
0.013646260296468427,1.000061173159077,0.00041509338
0.01420844839634583,0.9996823697324697,0.00041510796
0.014770636496280076,1.0002389625496717,0.00041520133
0.015332824407664702,0.999674325563768,0.00041503122
0.015895012507542106,0.9996207159012884,0.0004150569
0.016457200607476352,1.0005907369906897,0.00041528814
0.01701938851886098,1.0000954426459407,0.00041516643
0.01758157661873838,0.9992513385267952,0.0004150274
0.01814376453017985,1.0000642628642276,0.00041515435
0.018705952630057254,0.9994022878692315,0.000415147
0.019268140729934657,1.0000102346499848,0.00041519455
0.019830328641319284,0.9997249741736725,0.0004151242
0.02039251674125353,1.00032168044792,0.00041527438
0.020954704841130933,0.9999222010878633,0.0004150674
0.021516892941008336,1.0000596532586286,0.00041524012
0.022079080852449806,1.0000781055044705,0.00041514265
0.02264126895232721,0.9991198117912058,0.00041504265
0.023203457052204612,1.0007433059651303,0.00041528916
0.02376564496358924,0.9988287209615996,0.00041512158
0.024327833063523485,1.0000235401587838,0.00041510662
0.02489002097490811,1.0003265680540143,0.00041519996
-0.024451738554660096,0.999827484308245,0.0004148346
-0.023889552528146396,1.000161650819422,0.00041495013
-0.023327366690125473,1.0003691616540487,0.00041489876
-0.02276518085210455,0.9996896837527269,0.0004148883
-0.02220299482559085,1.0005678033491914,0.0004150167
-0.021640808987569926,0.9999428746391815,0.0004149921
-0.021078622961056226,0.999187650286126,0.00041474527
-0.020516437123035303,1.0006410403511175,0.00041506524
-0.019954251096521602,0.9991588519497734,0.00041480217
-0.01939206525850068,1.0005948796413382,0.00041503596
-0.018829879420479756,1.0000033319352155,0.00041493418
-0.018267693393966056,1.0000455634351668,0.00041508404
-0.017705507555945132,0.999524313625051,0.00041482865
-0.017143321529431432,1.0007432290164588,0.00041496346
-0.01658113569141051,0.9992796705750434,0.00041483346
-0.016018949853332742,1.0000274891832455,0.0004149459
-0.015456763826819042,0.9993785849781652,0.000414877
-0.014894577988798119,1.0001146122950313,0.00041501748
-0.014332392150777196,0.9994080668524802,0.00041475974
-0.013770206312756272,0.9997193721153532,0.00041485918
-0.013208020286242572,0.999339916133816,0.00041487627
-0.012645834448221649,0.9992824803863791,0.00041490246
-0.012083648421707949,1.000175009999101,0.00041500852
-0.011521462583687025,1.0004763371294323,0.00041498468
-0.010959276745666102,0.9997631388669725,0.0004148056
-0.010397090719152402,0.9994073267773202,0.00041480473
-0.009834904881131479,0.9996917091827966,0.0004147968
-0.009272719043110556,0.9995637317821868,0.00041488695
-0.008710533016596855,0.9999168001818508,0.00041492117
-0.008148347178575932,0.9992693983364049,0.00041473654
-0.007586161340555009,0.9998048952681973,0.00041486905
-0.0070239755025340855,0.9993696914150636,0.00041485604
-0.006461789664513162,0.9999322492637136,0.00041496556
-0.005899603637999462,0.9999900289153292,0.00041478727
-0.005337417799978539,0.999863843926084,0.00041488628
-0.004775231961957616,0.9994753734489732,0.00041484841
-0.004213046123936692,0.9995766459290867,0.0004147653
-0.003650860097422992,1.0005583451202285,0.00041509312
-0.003088674259402069,0.9999410983725092,0.00041498075
-0.002526488421324302,0.9996313806368223,0.0004148613
-0.001964302583303379,0.9997163431355847,0.00041477743
-0.0014021167452824557,0.9994726018080091,0.00041487988
-0.0008399307187687555,0.9996830834283796,0.00041481765
-0.0002777448807478322,0.9996215223225491,0.00041485747
0.00028444095727309104,1.0003777071721054,0.00041499865
0.0008466267952940143,1.0004148734578944,0.0004149411
0.0014088126333149376,1.0005694971434331,0.00041504146
0.0019709986598286378,0.9995308092411599,0.00041482135
0.002533184309356784,0.9997700929292256,0.0004148486
0.0030953703358704843,0.9995389792987971,0.0004149743
0.0036575561738914075,1.0002887495156556,0.00041502932
0.004219742011912331,0.9996883122762552,0.0004148448
0.004781927849933254,0.9995497795296959,0.00041498683
0.005344113687954177,0.9987969704348102,0.00041470333
0.0059062995259751006,0.9995101883201549,0.0004148653
0.006468485363996024,1.0002414339136276,0.0004149676
0.007030671202016947,1.0000784273224421,0.00041487452
0.007592857228530647,0.9999052981308514,0.0004149515
0.008155042878115637,0.9998658438561369,0.00041487237
0.008717228904629337,0.9994265586558436,0.0004149291
0.00927941474265026,0.9995558029033746,0.00041484452
0.009841600580671184,1.0004313708500827,0.00041502595
0.010403786418692107,0.9997730511024625,0.00041492717
0.01096597225671303,1.000234102934795,0.0004149385
0.011528158094733953,0.999588779822522,0.00041483933
0.012090343932754877,0.999876175885383,0.00041496893
0.0126525297707758,1.0009000063762838,0.00041510895
0.013214715608796723,0.9994987628268763,0.00041480892
0.013776901446817647,1.0000849602593942,0.00041490156
0.01433908728483857,0.9996075652865425,0.000414809
0.014901273122859493,0.9999184141387251,0.0004149008
0.015463458960880416,1.0003116632491988,0.00041497796
0.01602564479890134,0.9999647276629174,0.00041498887
0.016587830636922263,0.9992850446133668,0.0004147766
0.017150016474943186,1.0009814529288883,0.00041510563
0.01771220231296411,0.9998813657201617,0.0004149776
0.018274388151041876,1.0000287079939605,0.0004149536
0.018836573800570022,1.0000507646584256,0.00041487726
0.019398759827083722,1.000855755204276,0.00041511896
0.019960945665104646,1.000187504266766,0.0004149141
0.020523131314632792,0.999887919914798,0.0004148334
0.021085317341146492,1.00039551751295,0.0004148914
0.02164750299067464,1.0000068671596984,0.0004149551
0.022209688828695562,0.999297001559733,0.00041484367
0.022771874666716485,1.0001970257494768,0.0004149875
0.02333406050473741,0.9999096929599474,0.00041489064
0.02389624634275833,0.9998927893885564,0.0004148613
0.024458432180779255,1.0002980468814584,0.00041500956
-0.02488721587855025,0.9997907029035226,0.0004147508
-0.024325032302385807,1.0003033243429047,0.00041485843
-0.023762848726221364,1.0003007263410635,0.0004147162
-0.02320066515005692,0.9997643945942969,0.00041463334
-0.022638481573892477,1.000425765196747,0.00041493072
-0.022076297997728034,0.9993633199984099,0.00041466425
-0.021514114233127657,1.000437992883824,0.00041485706
-0.020951930656963214,1.0003516786723619,0.000414771
-0.02038974708079877,1.0005965542129582,0.00041485438
-0.019827563504634327,0.9999628664954033,0.00041480156
-0.019265379928469883,0.9995711774505094,0.000414594
-0.01870319635230544,0.9995161282382257,0.00041473188
-0.01814101277619784,0.9999793294005442,0.00041482196
-0.01757882901154062,0.9999200698165687,0.0004146751
-0.017016645435376176,1.000632982636334,0.00041475514
-0.016454461859211733,0.9999543455340821,0.00041479096
-0.01589227828304729,0.9987858666917346,0.0004146093
-0.015330094706882846,0.9998607129596417,0.00041491663
-0.014767911130775246,0.9996522493609068,0.00041469873
-0.014205727554610803,1.000369311518992,0.00041480298
-0.01364354397844636,0.9999700365053616,0.00041480977
-0.013081360402281916,1.0000657751751494,0.0004147432
-0.012519176826117473,0.9998643745336661,0.00041484836
-0.011956993061517096,1.000037210817061,0.00041482082
-0.01139480967384543,1.0002262447662524,0.00041480977
-0.01083262590918821,0.9994246590792714,0.0004147078
-0.010270442521516543,0.9994022884027196,0.0004147962
-0.009708258756859323,1.0000529272765517,0.00041469096
-0.009146075369187656,1.00022063003231,0.00041481704
-0.008583891793023213,1.0001731716500564,0.00041481038
-0.008021708028422836,0.9993872876380937,0.0004147279
-0.0074595246407511695,0.999575205455859,0.00041463604
-0.006897340876093949,1.0005690666221831,0.00041504702
-0.006335157488422283,1.0001132522527274,0.00041471925
-0.005772973912257839,0.9997852360037911,0.00041467382
-0.005210790147600619,1.0004416528885716,0.00041485822
-0.004648606759985796,0.9994685410385086,0.0004146374
-0.004086423183821353,1.0004409580222513,0.0004148918
-0.0035242396076569094,0.9999792602515402,0.0004146075
-0.002962056031492466,0.9998310132838705,0.0004147889
-0.0023998724553280226,1.0005834931858941,0.00041479984
-0.0018376888791635793,0.9994649198571577,0.00041461457
-0.001275505302999136,0.9995483586373545,0.00041464402
-0.0007133217268915359,0.9994906366596656,0.00041473497
-0.00015113815072709258,0.9995040072306385,0.0004147503
0.0004110454254373508,1.000968804979753,0.00041497286
0.0009732288131090172,0.9999576123645929,0.0004147182
0.0015354125777662375,0.9992020909293243,0.00041481655
0.002097595965437904,0.9990885106064241,0.00041461852
0.002659779541545504,0.9997689878307707,0.00041473957
0.0032219631177099473,0.9998531972723868,0.00041487152
0.0037841466938743906,0.9998781035392551,0.0004147456
0.004346330270038834,0.9997600271217072,0.00041482414
0.0049085136577105,0.9994156454184662,0.00041469774
0.005470697233874944,0.9998477921295829,0.00041480805
0.006032880810039387,1.0003166598327116,0.00041487056
0.006595064386146987,1.0002438717625086,0.0004148786
0.0071572479623114305,0.9998910143517099,0.0004145101
0.007719431538475874,0.9996347639982697,0.00041455746
0.008281615114640317,0.9997526576095845,0.00041477365
0.008843798502311984,0.9988028801848641,0.00041446008
0.009405982078476427,0.9989953864958979,0.00041444076
0.009968165654584027,0.9995644184944874,0.00041454934
0.01053034923074847,0.9998956581242201,0.00041477897
0.011092532618420137,0.9995283720690763,0.0004146432
0.01165471619458458,1.0003985114184506,0.00041476823
0.012216899770749023,1.000117512098557,0.00041480188
0.01277908315842069,0.9992172701803981,0.00041461588
0.013341266734585133,0.9994328987200819,0.00041463537
0.013903450310749577,0.9997255408847211,0.00041460144
0.014465633886857177,1.000343040433529,0.00041486812
-0.024764677685311653,1.0003738677854654,0.00041492062
-0.02420249637100369,1.00029364360889,0.00041476704
-0.023640315245245347,0.999711464744304,0.0004147777
-0.02307813411943016,0.9997921617105223,0.0004147905
-0.022515952805122197,1.001068229097802,0.00041488293
-0.021953771679363854,0.9996249501444999,0.00041477304
-0.02139159036505589,0.999822692949484,0.00041475365
-0.020829409239240704,0.9999938492666364,0.00041479236
-0.02026722811348236,0.9994337306070131,0.00041466334
-0.019705046799174397,1.0003436653071747,0.00041488957
-0.01914286567335921,1.0004637827663925,0.00041488884
-0.01858068435910809,0.999685038316724,0.0004147831
-0.018018503233292904,1.0002103523224652,0.00041484984
-0.017456322107477718,1.0000593835137797,0.00041488025
-0.016894140793226597,0.9996686810396477,0.00041474687
-0.01633195966741141,1.0006381679791847,0.00041486317
-0.015769778541596224,0.9996615595700651,0.00041479454
-0.015207597415837881,1.0007136561657448,0.00041488576
-0.014645416101529918,0.9991601456132428,0.00041458535
-0.014083234975714731,0.9994949799009667,0.00041474763
-0.013521053849956388,0.9998252119699249,0.0004148133
-0.012958872535648425,0.999522405746647,0.00041465327
-0.012396691598326015,1.0005118160847697,0.00041490237
-0.011834510284074895,0.9999726536502997,0.00041484585
-0.011272329158259708,0.9993975332904816,0.0004147206
-0.010710148032444522,0.9996674271682382,0.00041473794
-0.010147966718193402,1.0000085440936193,0.0004147914
-0.009585785592378215,0.9996931796842821,0.00041482857
-0.009023604466563029,0.999775007544409,0.00041479748
-0.008461423340804686,1.0001278143368617,0.00041488785
-0.0078992422149895,0.9999450407643503,0.0004147468
-0.007337060900681536,0.9999024933842733,0.00041481602
-0.006774879774923193,1.0003105413047104,0.00041491355
-0.006212698649108006,0.9989614961268156,0.00041457737
-0.0056505175232928195,0.999305466555368,0.00041462344
-0.005088336397534476,1.0005008690224904,0.00041486454
-0.004526155083226513,0.9993109489917714,0.00041474582
-0.003963973957411326,0.9995179116734216,0.0004146587
-0.0034017928316529833,1.0007192521680743,0.00041491364
-0.0028396117058377968,0.9991198040949871,0.0004146608
-0.0022774305800226102,0.9995885039416385,0.00041473962
-0.0017152494542642671,0.9992976206683342,0.00041466247
-0.0011530683284490806,0.9995129034864043,0.00041476547
-0.000590887202633894,0.999502798282924,0.00041480456
-2.8706076818707515e-05,1.000384915114743,0.00041480057
0.0005334752374324125,0.9996494299911939,0.00041471492
0.001095656363247599,0.9991832299357736,0.00041467557
0.0016578374890627856,0.9997070947223068,0.00041467525
0.0022200186148211287,0.9997209308470068,0.00041475936
0.0027821997406363153,0.9994824547286485,0.00041470368
0.003344380866451502,0.9998849584294529,0.0004148571
0.003906561992209845,1.00028992616068,0.00041483
0.0044687431180250314,0.9996125387421576,0.000414709
0.005030924243840218,0.9992400598596406,0.0004146717
0.005593105369598561,1.0000757114083754,0.00041484917
0.006155286495413748,0.9996460174865621,0.0004148346
0.006717467621228934,0.9989068302587418,0.00041472173
0.007279648746987277,1.0003838679581674,0.00041485918
0.007841829872802464,1.0001597653586416,0.00041484792
0.00840401099861765,0.9998849880571052,0.00041476055
0.008966192124375993,1.0002028943040362,0.00041486867
0.00952837325019118,0.9996753792737525,0.00041477388
0.010090554376006367,1.000068206997461,0.00041484504
0.01065273550176471,0.9996435336910661,0.00041472737
0.011214916627579896,0.9995124382593785,0.00041472723
0.011777097753395083,1.0000888795025604,0.00041476087
0.012339278690717492,0.999749900861102,0.00041481428
0.012901459816475835,0.9997602637589041,0.0004147106
0.013463640942291022,0.9994819306785894,0.00041472146
0.014025822068106208,0.9997200083766112,0.00041475936
0.014588003193864552,0.9993000629476045,0.0004146927
0.015150184319679738,1.0002919572078852,0.00041477886
0.015712365445494925,1.000095109501323,0.00041482525
0.01627454638276049,0.999888217834828,0.00041479434
0.016836727697068454,0.9997034672556401,0.00041476273
0.01739890882288364,0.9992452587814173,0.00041462682
0.01796108976020605,0.9993212351617657,0.00041463794
0.018523270885964394,0.9997952989125765,0.00041483855
0.01908545201177958,0.9999658487818379,0.00041479443
0.019647633137594767,1.0001064943708327,0.00041486978
0.02020981426335311,1.0004451765687505,0.00041489635
0.02077199520067552,1.000683221636356,0.00041500886
0.021334176326490706,1.0006816406070267,0.00041494195
0.02189635745224905,0.999277792586432,0.00041476093
0.022458538578064235,0.9998511842754274,0.000414802
0.023020719515386645,0.9995942876806728,0.00041470354
0.02358290064120183,0.9996195904180991,0.00041479364
0.024145081766960175,1.0007917999798657,0.0004148798
0.02470726289277536,0.9997029824647133,0.00041474673
-0.024646688676057238,0.999750000020977,0.00041459515
-0.024084510377576862,1.000792286945059,0.00041491687
-0.023522331702167776,0.9995913138746471,0.0004146906
-0.022960153215194623,1.000033790634463,0.00041485406
-0.022397974728278314,0.999720684380908,0.00041471428
-0.02183579624130516,0.9994711485300142,0.00041467787
-0.02127361775438885,1.000250607757949,0.0004147131
-0.020711439078922922,0.9997464917409675,0.00041474387
-0.020149260780442546,0.9997222319153131,0.00041467705
-0.01958708210503346,0.9998716131244727,0.00041471355
-0.019024903618060307,0.9994367414160803,0.00041460793
-0.018462725131143998,0.9992788027643614,0.00041451765
-0.017900546644170845,0.9993992313400649,0.00041467225
-0.017338368157197692,0.9997478081220846,0.00041471302
-0.016776189670281383,0.9996038543039844,0.00041470927
-0.016214010994815453,0.9996212759922333,0.00041456646
-0.01565183269639192,0.9999671131331724,0.0004147631
-0.015089654020925991,0.999592526036957,0.00041466585
-0.014527475722445615,0.9995585909276674,0.00041469367
-0.013965297047036529,0.9991059463861519,0.0004145853
-0.013403118560063376,1.0002879935032702,0.00041467775
-0.012840940073147067,0.9997095255196984,0.00041462923
-0.012278761586173914,0.9998320802895229,0.00041470848
-0.011716583099257605,1.000638679341446,0.0004148163
-0.011154404612284452,0.9997726530925046,0.00041468558
-0.0105922261253113,0.9995788375753564,0.00041458852
-0.01003004763839499,0.9995601912354815,0.00041459996
-0.009467869151421837,0.9997663228616194,0.0004147304
-0.008905690664505528,0.9999572546423623,0.0004147371
-0.008343512177532375,0.999791399413715,0.00041460685
-0.007781333690559222,0.9998256392783184,0.0004147212
-0.007219155203642913,0.9997711040124886,0.00041472955
-0.00665697671666976,1.0001534320076229,0.0004147108
-0.006094798229753451,0.9997647815346553,0.0004147043
-0.005532619742780298,1.0005205157426316,0.00041479696
-0.004970441255807145,0.9997194069162992,0.00041473657
-0.004408262768890836,0.9997948497073009,0.00041472717
-0.0038460842819176833,1.0005521986738333,0.00041479236
-0.003283905983494151,0.9993321416357196,0.00041464172
-0.002721727308028221,0.9999497438044127,0.00041468948
-0.0021595490095478453,0.9992966608197411,0.00041468677
-0.001597370522631536,1.000057074038424,0.00041475493
-0.0010351920356583832,0.9991811559509426,0.00041452225
-0.0004730135487420739,0.9998930693346,0.000414647
8.916493823107885e-05,0.9997225970987237,0.00041466308
0.0006513434252042316,0.9993763387146627,0.0004146608
0.001213521912120541,0.9995539378735941,0.00041462228
0.0017757002106009168,0.9990471875725067,0.000414603
0.002337878697517226,0.9995193535892241,0.00041475703
0.002900057372983156,0.9998093455758412,0.0004145573
0.0034622356714635316,1.000456514839702,0.00041476006
0.004024414158379841,1.0003831157801473,0.00041478837
0.004586592645352994,0.9993893173941847,0.0004144541
0.005148771132269303,1.0003152082690123,0.0004147481
0.005710949619242456,0.9993759672356908,0.00041442137
0.006273127917722832,1.000307372678206,0.0004149011
0.006835306404639141,1.0002572505626157,0.00041469603
0.007397484891612294,0.9991889719934303,0.0004146107
0.007959663378528603,0.9995315059523143,0.00041462402
0.008521841677008979,1.0000411278137988,0.000414781
0.009084020163982132,0.9995870209084428,0.00041471355
0.009646198650898441,0.9995738683002726,0.00041457746
0.010208377137871594,0.9995133116309186,0.00041454798
0.010770555624844746,1.0004454695286642,0.00041481314
0.011332733923268279,0.9998518517365956,0.00041459643
0.011894912410241432,0.9999634453457728,0.0004147386
0.012457090897157741,0.9996361006878866,0.0004146754
0.013019269384130894,1.000211129537386,0.0004147656
0.01358144768261127,1.0003646016695262,0.0004147303
0.014143626169527579,1.0002829613097748,0.0004147222
0.014705804656500732,0.999858104895476,0.0004147455
0.015267983143417041,0.9999579485361053,0.0004146675
0.015830161441897417,0.9998909667070535,0.00041466954
0.01639233992887057,0.9997261335193041,0.0004147279
0.016954518227294102,0.9999822922678842,0.0004147395
0.017516696714267255,0.9995885243929197,0.00041455103
0.018078875201240407,0.999572726433411,0.000414557
0.018641053688156717,0.9997675134416633,0.00041464562
0.019203231986637093,0.999998038376303,0.00041464064
0.019765410473553402,0.9998147597566505,0.0004146359
0.020327588960526555,0.9994696493028717,0.00041458127
0.02088976725900693,0.9998898744679551,0.00041476163
0.02145194574592324,1.0004686225357384,0.0004147672
0.022014124232896393,0.9997454048792309,0.0004146816
0.022576302531319925,1.0000169345781615,0.00041479288
0.023138481018293078,0.9994713701426787,0.00041461174
0.023700659316773454,0.9996194812842041,0.00041466113
0.024262837803689763,0.9997991507214784,0.00041468744
0.024825016290662916,0.999572898180751,0.00041465406
